teks,kategori
"Bantuan santunan lansia di Bojongmalaka saldo di kartu e-warong kosong melompong, warga ngeluh ga ada transparansi, kemensos tolong perbaiki sistem data DTKS",Bansos
"Parah banget Maling jemuran dan gas lpg sekitar Rancaekek makin marak dan meresahkan warga, warga jadi was-was dan ga tenang tolong segera ditindak",Keamanan/Ketertiban
Min plis Jalan dekat pasar daerah Cangkuang licin dan banyak kerikil tajam sampe shockbreaker motor jebol,Jalan Rusak
"Warga Bojongmalaka ngeluh Tumpukan sampah liar ga surut-surut udah 3 hari, dampaknya bikin warga gatal-gatal dan batuk, tolong pak camat segera tinjau lokasi",Sampah/Banjir
"Jalan dekat pasar di Cilengkrang banyak jeglongan sewu, bahaya bgt buat anak2 sekolah, tolong pak lurah perhatika jalan kami",Jalan Rusak
"Warga Sukamenak ngeluh Penyaluran beras bansos kualitas beras berkutu, apek dan hancur, dampaknya korban PHK ga dapet perhatian sama sekali, tolong bantu proses pencairan kartu sy min",Bansos
Banjir kiriman dari hulu bikin permukiman kebanjiran tiap tahun,Sampah/Banjir
"kemensos tolong perbaiki sistem data DTKS, Kartu Indonesia Sehat (KIS PBI) d Ciwidey udah nama dicoret tiba-tiba padahal miskin bikin korban PHK ga dapet perhatian sama sekali",Bansos
"Lapor pak, Sampah rumah tangga Bojongsoang ga surut-surut udah 3 hari motor mogok massal pas nekat nerobos. butuh perahu karet buat evakuasi warga",Sampah/Banjir
"Parah bgt Aksi tawuran remaja sekitar Manggahang makin marak dan meresahkan warga, warga takut keluar rumah malem hari tlg segera ditindak",Keamanan/Ketertiban
"Parah banget Judi online slot sekitar Manggahang nyolong barang warga secara beruntun, banyak kehilangan motor dlm sepekan tolong segera ditindak",Keamanan/Ketertiban
Jalan tanjakan curam udah retak2 bahaya buat kendaraan besar lewat,Jalan Rusak
"Jalur tanjakan di Sapan aspal hotmix nya ngelotok, shockbreaker motor jebol, plis secepatnya di perbaiki min",Jalan Rusak
"Warga Baleendah ngeluh Sound horeg hajatan nongkrong di pos ronda sambil nenggak ciu, dampaknya pengendara mtr cewek takut lewat situ, mohon pasang lampu jalan dan cctv di titik rawan",Keamanan/Ketertiban
"Warga Cangkuang ngeluh Tikungan jalan rusak berat gak dibenerin, dampaknya bikin velg muntor peang dan ban bocor, plis secepatnya di perbaiki min",Jalan Rusak
"minta tlg segera di hotmix, Jalan alternatif di Manggahang udah penuh kubangan air bikin bikin velg motor peang dan ban bocor",Jalan Rusak
"Warga Nagreg ngeluh Pintu air tanggulnya rembes dan bocor, dampaknya bikin lingkungan kumuh dan bau menyengat, tolong keruk selokan min",Sampah/Banjir
"Balap liar tengah malam di Ciwidey makin marak dan meresahkan warga, anak balita kaget nangis kebangun, mohon pasang lampu jalan dan cctv di titik rawan",Keamanan/Ketertiban
"Warga Bojongmalaka ngeluh Maling jemuran dan gas lpg berkeliaran bawa senjata tajam / cerulit, dampaknya warga jadi was-was dan ga tenang, tolong polres dan polsek rutin patroli malam",Keamanan/Ketertiban
"Lapor pak, Got depan rmh warga Rancamanyar ga surut-surut udah 3 hari warga terpaksa ngungsi k mushola. tlg keruk selokan min",Sampah/Banjir
"Lapor pak, Drainase pemukiman Rancaekek bikin bau comberan masuk ke kamar warga terpaksa ngungsi ke mushola. mohon dinas lingkungan hidup turun tangan",Sampah/Banjir
"Ronda malam udah ga jalan lagi, warga khawatir soal keamanan",Keamanan/Ketertiban
Min tolong Sound horeg hajatan daerah Kutawaringin berkeliaran bawa senjata tajam / cerulit sampe pengendara mtr cewek takut lewat situ,Keamanan/Ketertiban
Sampah dibiarkan menumpuk bikin bau busuk sampe ke rumah tetangga,Sampah/Banjir
"Parah bangett Paving block jalan sekitar Rancamanyar berlubang parah, bikin muntor sering jatoh tiap malem tolong segera ditindak",Jalan Rusak
"Warga Bojongsoang ngeluh Jalan utama retak-retak parah, dampaknya bikin macet parahh tiap pagi, tlg secepatnya di perbaiki min",Jalan Rusak
"Parah banget Knalpot brong bising sekitar Bojongmalaka makin marak dan meresahkan warga, pedagang kecil rugi diperas terus tlong segera ditindak",Keamanan/Ketertiban
"minta bantuan pompa air sedot banjir min, Kali dekat pasar di Rancamanyar udah meluap ke jalan tiap ujan lebat bikin barang elektronik pada rusak kerendem",Sampah/Banjir
"Lapor pak, Sampah rumah tangga Arjasari penuh belatung dan lalat hijau bikin lingkungan kumuh dan bau menyengat. minta bantuan pompa air sedot banjir min",Sampah/Banjir
"Warga Cilengkrang ngeluh Banjir tahunan penuh sampah kasur dan plastik, dampaknya warga terpaksa ngungsi ke mushola, tolong keruk selokan min",Sampah/Banjir
"Warga Ciwidey ngeluh Tempat penampungan sampah ga surut-surut udah 3 hari, dampaknya barang elektronik pada rusak kerendem, dinas kebersihan tolong angkut sampahnya",Sampah/Banjir
"tolong tertibkan balap liar pak polisi, Pungutan liar oknum di Cibaduyut udah sering lempar batu dan botol kaca bikin pengendara muntor cewek takut lewat situ",Keamanan/Ketertiban
"Lapor pak, Pungutan liar oknum Arjasari nongkrong di pos ronda sambil nenggak ciu lingkungan jadi rawan kriminal. min tolong sampaikan k babinsa/bhabinkamtibmas",Keamanan/Ketertiban
"Pemuda mabuk-mabukan di Cangkuang berkeliaran bawa senjata tajam / cerulit, banyak kehilangan motor dlm sepekan, min plis sampaikan k babinsa/bhabinkamtibmas",Keamanan/Ketertiban
"Warga Rancamanyar ngeluh Got depan rumah warga mampet total gara-gara plastik dan sampah, dampaknya banyak nyamuk DBD, tolong armada truk sampah segera dateng",Sampah/Banjir
"tlg armada truk sampah segera dateng, Drainase pemukiman di Ujungberung udah bikin bau comberan masuk ke kamar bikin anak sekolah ga bisa lewat",Sampah/Banjir
"Salura air induk d Majalaya menggunung udah berminggu-minggu ga diangkut, warga terpaksa ngungsi ke mushola, mohon dinas lingkungan hidup turun tangan",Sampah/Banjir
"jangan nunggu ada korban jiwa baru dibenerin, Jembatan kecil di Banjaran udah bolong dalem bgt bikin warga was2 tiap lewat apalagi pas ujan",Jalan Rusak
Genangan air ga surut2 udah 3 hari abis hujan gede,Sampah/Banjir
"Parah bgt Sound horeg hajatan sekitar Cilengkrang maksa minta uang keamanan ke pedagang kecil, korban mengalami luka sabetan sajam tolong segera ditindak",Keamanan/Ketertiban
"Parah banget Penyaluran beras bansos sekitar Cikoneng keluarga dan timses kades diprioritaskan, warga ngeluh ga ada transparansi plis segera ditindak",Bansos
"Warga Majalaya ngeluh Akses jalan masuk bolong dalem bgt, dampaknya warga was2 tiap lewat apalagi pas ujan, min tolong sampaikan k dinas terkait",Jalan Rusak
"mohon kades/lurah tindak tegas oknum yg motong, Pencairan dana bansos di kantor pos/bank di Kopo udah aplikasi pendaftaran bansos error dan gbs login bikin anak yatim ga bsa beli perlengkapan sekolah",Bansos
Min plis Pintu air daerah Pasirjambu menggunung udah berminggu-minggu ga diangkut sampe warga terpaksa ngungsi ke mushola,Sampah/Banjir
"Parah bngt Pencairan dana bansos d kantor pos/bank sekitar Pasirjambu udah 3 bulan belum cair tanpa penjelasan, warga ngeluh ga ada transparansi plis segera ditindak",Bansos
Banjir separuh betis tiap hujan gede di jalan utama perumahan,Sampah/Banjir
Min tlong Sungai/kali daerah Paseh meluap k jalan tiap ujan lebat sampe anak sekolah ga bisa lewat,Sampah/Banjir
Jalan Kutawaringin ancur abis dilewatin truk pengangkut material,Jalan Rusak
Jalan komplek perumahan berlubang di banyak titik menyusahkan warga,Jalan Rusak
"Jalan desa di Cicalengka aspal hotmix nya ngelotok, udh brp kali ada korban kecelakaan, mohon pak bupati gercep benerin",Jalan Rusak
"Parah bgt Pencurian rumah kosong sekitar Dayeuhkolot neror anak-anak sekolah pas pulang, warga takut keluar rumah malem hari tolong segera ditindak",Keamanan/Ketertiban
Min tlg Bantuan santunan lansia daerah Ujungberung saldo di kartu e-warong kosong melompong sampe warga ngeluh ga ada transparansi,Bansos
"tolong armada truk sampah segera dateng, Got depan rumah warga d Kutawaringin udah meluap ke jalan tiap ujan lebat bikin akses jalan lumpuh total ga bsa lewat muntor",Sampah/Banjir
"Jalan alternatif di Pameungpeuk rusak berat gak dibenerin, shockbreaker mtr jebol, minta tolong segera di hotmix",Jalan Rusak
"Kartu Keluarga Sejahtera (KKS) di Arjasari aplikasi pendaftaran bansos error dan gbs login, warga sakit ga bisa berobat krn KIS dinonaktifkan, kemensos tlg perbaiki sistem data DTKS",Bansos
Got tersumbat bikin bau busuk nyebar ke rumah2 warga sekitar,Sampah/Banjir
"Parah banget Kartu Keluarga Sejahtera (KKS) sekitar Kutawaringin ada pemotongan dana sepihak oleh oknum RT/RW, anak yatim ga bisa beli perlengkapan sekolah tlg segera ditindak",Bansos
"Warga Ciwidey ngeluh Kartu Keluarga Sejahtera (KKS) keluarga dan timses kades diprioritaskan, dampaknya uang bantuan berkurang banyak kepotong pungli, tolong usut tuntas pungli bantuan sosial ini",Bansos
"kemensos tolong perbaiki sistem data DTKS, Bantuan modal UMKM di Cileunyi udah aplikasi pendaftaran bansos error dan gbs login bikin warga ngeluh ga ada transparansi",Bansos
"Genangan cileuncang di Ibun airnya item pekat dan berbau busuk, warga terpaksa ngungsi k mushola, tolong armada truk sampah segera dateng",Sampah/Banjir
Selokan penuh sampah plastik bikin air ga lancar tiap ujan,Sampah/Banjir
"Jalan raya di Solokan Jeruk retak-retak parah, warga was2 tiap lewat apalagi pas ujan, tlong pak lurah perhatikan jalan kami",Jalan Rusak
"Jln protokol di Rancamanyar banyak jeglongan sewu, shockbreaker motor jebol, tlg pak lurah perhatikan jalan kami",Jalan Rusak
"Jalan komplek d Rancamanyar bergelombang bikin oleng, bikin velg motor peang dan ban bocor, minta tolong segera d hotmix",Jalan Rusak
"Warga Ciparay ngeluh Jalur tanjakan bergelombang bikin oleng, dampaknya angkot ga mau lewat situ lg, kapan mau ditambal min?",Jalan Rusak
"tlong dinas sosial audit ulang data penerima, Bantuan modal UMKM d Pasirjambu udah proses birokrasinya dipersulit petugas kelurahan bikin warga ngeluh ga ada transparansi",Bansos
"Warga Rancamanyar ngeluh Jalan poros banyak jeglongan sewu, dampaknya bikin velg muntor peang dan ban bocor, mohon pak bupati gercep benerin",Jalan Rusak
Min tlong Saluran air induk daerah Cimenyan ga surut-surut udah 3 hari sampe barang elektronik pada rusak kerendem,Sampah/Banjir
Min tolong Gorong-gorong daerah Tegalluar tanggulnya rembes dan bocor sampe anak sekolah ga bs lewat,Sampah/Banjir
"Warga Margahayu ngeluh Gorong-gorong menggunung udah berminggu-minggu ga diangkut, dampaknya banyak nyamuk DBD, dinas kebersihan tolong angkut sampahnya",Sampah/Banjir
"mohon dinas lingkungan hidup turun tangan, Sungai/kali di Sapan udah ga surut-surut udah 3 hari bikin akses jalan lumpuh total ga bs lewat motor",Sampah/Banjir
Min tolong Jembatan kecil daerah Soreang penuh kubangan air sampe bikin motor sering jatoh tiap malem,Jalan Rusak
Min tolong Bantuan modal UMKM daerah Kutawaringin salah sasaran yg mampu dan bermobil malah dapet sampe warga miskin beneran cuma bisa gigit jari,Bansos
Min tlong Jalur tanjakan daerah Pameungpeuk ancur lebur sampe bikin velg mtr peang dan ban bocor,Jalan Rusak
"Jalan komplek di Solokan Jeruk rusak berat gak dibenerin, shockbreaker muntor jebol, pliss segera di tindaklanjuti pa",Jalan Rusak
Min plis Kali dekat pasar daerah Kopo menggunung udah berminggu-minggu ga diangkut sampe bau busuk kecium sampe radius 300 meter,Sampah/Banjir
"Parah banget Trotoar sekitar Kopo rusak parah abis dilewatin truk, angkot ga mau lewat situ lg tolong segera ditindak",Jalan Rusak
"Lapor pak, Jalur tanjakan Cangkuang rusak kena kikis air comberan bikin velg muntor peang dan ban bocor. kapan mau ditambal min?",Jalan Rusak
Bantuan alat bantu untuk difabel belum pernah direalisasikan sampai sekarang,Bansos
"Lapor pak, Pencurian rumah kosong Majalaya maksa minta uang keamanan k pedagang kecil anak balita kaget nangis kebangun. plis tertibkan balap liar pak polisi",Keamanan/Ketertiban
"tolong usut tuntas pungli bantuan sosial ini, Bantuan bedah rumah rutilahu d Rancaekek udah udah 3 bulan belum cair tanpa penjelasan bikin uang bantuan berkurang banyak kepotong pungli",Bansos
"Warga Tegalluar ngeluh Jembatan kecil aspalnya udah ngelupas abis, dampaknya angkot ga mau lewat situ lg, tlong secepatnya d perbaiki min",Jalan Rusak
Min tolong Geng motor ugal-ugalan daerah Cilengkrang nyolong barang warga secara beruntun sampe warg jadi was-was dan ga tenang,Keamanan/Ketertiban
"plis pak lurah perhatikan jalan kami, Paving block jalan di Pasehh udah rusak berat gak dibenerin bikin bikin velg motor peang dan ban bocor",Jalan Rusak
Min tolong Tempat penampungan sampah daerah Tegalluar bikin bau comberan masuk k kamar sampe bikin lingkungan kumuh dan bau menyengat,Sampah/Banjir
"Parah bgt Bantuan Langsung Tunai (BLT) sekitar Majalaya kualitas beras berkutu, apek dan hancur, warga ngeluh ga ada transparansi tolong segera ditindak",Bansos
"Lapor pak, Kartu Sembako Murah Cimenyan salah sasaran yg mampu dan bermobil malah dapet lansia kurang mampu kesulitan beli beras. plis verifikasi lapangan langsung ke rumah warga",Bansos
"Parah bngt Jalan utama sekitar Bojongmalaka bolong dalem bngt, bikin debu tebell kalo panas tolong segera ditindak",Jalan Rusak
"Parah bgt Bantuan modal UMKM sekitar Ciwidey ada pemotongan dana sepihak oleh oknum RT/RW, warga miskin beneran cuma bisa gigit jari tolong segera ditindak",Bansos
"Pos kamling udah lama ga difungsikan, warga jadi was-was",Keamanan/Ketertiban
"butuh perahu karet buat evakuasi warga, Saluran air induk di Cibiru udah mampet total gara-gara plastik dan sampah bikin anak sekolah ga bisa lewat",Sampah/Banjir
Min tolong Genangan cileuncang daerah Pangalengan merendam rumah warga setinggi paha sampe bikin warga gatal-gatal dan batuk,Sampah/Banjir
"Parah banget Paving block jalan sekitar Pameungpeuk ancur lebur, pemotor sering kaget ngerem mendadak tlg segera ditindak",Jalan Rusak
"Lapor pak, Tempat penampungan sampah Bojongsoang ga surut-surut udah 3 hari akses jalan lumpuh total ga bsa lewat mtr. tlong buatin tanggul darurat pa kades",Sampah/Banjir
"Parah bgt Penyaluran beras bansos sekitar Cibaduyut keluarga dan timses kades diprioritaskan, anak yatim ga bsa beli perlengkapan sekolah tlg segera ditindak",Bansos
"Warga Pasirjambu ngeluh Pungutan liar oknum maksa minta uang keamanan ke pedagang kecil, dampaknya anak balita kaget nangis kebangun, plis pos kamling diaktifkan lagi",Keamanan/Ketertiban
"dinas kebersihan tlg angkut sampahnya, Got depan rumah warga di Cangkuang udah bikin bau comberan masuk k kamar bikin bikin lingkungan kumuh dan bau menyengat",Sampah/Banjir
Saya sudah daftar bansos dari lama tapi belum ada kabar sampai sekarang,Bansos
Min tolong Jalan gang daerah Sapan bolong dalem banget sampe bikin velg motor peang dan ban bocor,Jalan Rusak
"tolong pak lurah perhatikan jalan kami, Jalan raya d Cibiru udah licin dan banyak kerikil tajam bikin shockbreaker mtr jebol",Jalan Rusak
"tolong pak camat segera tinjau lokasi, Air selokan d Katapang udah meluap ke jalan tiap ujan lebat bikin bikin lingkungan kumuh dan bau menyengat",Sampah/Banjir
Min tolong Jembatan kecil daerah Bojongmalaka amblas separuh badan sampe udh brp kali ada korban kecelakaan,Jalan Rusak
"tolong polres dan polsek rutin patroli malam, Judi online slot di Solokan Jeruk udah nyolong barang warga secara beruntun bikin lingkungan jadi rawan kriminal",Keamanan/Ketertiban
"Parah banget Tikungan jalan sekitar Baleendah ancur lebur, pemotor sering kaget ngerem mendadak plis segera ditindak",Jalan Rusak
Min plis Aksi tawuran remaja daerah Cikoneng beraksi pas subuh warga lagi sholat sampe banyak kehilangan motor dlm sepekan,Keamanan/Ketertiban
"Warga Rancaekek ngeluh Sound horeg hajatan berkeliaran bawa senjata tajam / cerulit, dampaknya korban mengalami luka sabetan sajam, tolong pos kamling diaktifkan lagi",Keamanan/Ketertiban
Min tlg Bantuan modal UMKM daerah Soreang saldo di kartu e-warong kosong melompong sampe warga sakit ga bisa berobat krn KIS dinonaktifkan,Bansos
Bantuan beras belum sampai ke warga meski sudah dijanjikan,Bansos
"Lapor pak, Bantuan Langsung Tunai (BLT) Rancamanyar aplikasi pendaftaran bansos error dan gbs login lansia kurang mampu kesulitan beli beras. tolong bantu proses pencairan kartu saya min",Bansos
Bantuan gizi untuk balita stunting belum disalurkan ke posyandu kami,Bansos
"Lapor pak, Sampah rmh tangga Cileunyi merendam rmh warga setinggi paha akses jalan lumpuh total ga bsa lewat motor. tlg armada truk sampah segera dateng",Sampah/Banjir
"Warga Soreang ngeluh Pelecehan / catcalling berkeliaran bawa senjata tajam / cerulit, dampaknya warga takut keluar rumah malem hari, min tlong sampaikan ke babinsa/bhabinkamtibmas",Keamanan/Ketertiban
"Jalan desa d Bojongmalaka rusak parah abis dilewatin truk, angkot ga mau lewat situ lg, min tlong sampaikan ke dinas terkait",Jalan Rusak
"tolong usut tuntas pungli bantuan sosial ini, Penyaluran beras bansos di Katapang udah salah sasaran yg mampu dan bermobil malah dapet bikin anak yatim ga bsa beli perlengkapan sekolah",Bansos
Ada oknum yang suka mabuk dan bikin onar di warung kopi,Keamanan/Ketertiban
"Parah banget Bantuan modal UMKM sekitar Bojongsoang keluarga dan timses kades diprioritaskan, anak yatim ga bisa beli perlengkapan sekolah plis segera ditindak",Bansos
"Jalan utama di Cimenyan penuh kubangan air, bikin debu tebel kalo panas, minta plis segera di hotmix",Jalan Rusak
Min plis Jalan raya daerah Manggahang penuh kubangan air sampe bikin macet parah tiap pagi,Jalan Rusak
"Warga Majalaya ngeluh Maling jemuran dan gas lpg bikin suara bising ga bisa tidur tiap malam, dampaknya pengendara motor cewek takut lewat situ, tangkap dan tindak oknum preman meresahkan",Keamanan/Ketertiban
Min tolong Jalur tanjakan daerah Gedebage licin dan banyak kerikil tajam sampe shockbreaker muntor jebol,Jalan Rusak
"Sampah rmh tangga di Margahayu meluap ke jalan tiap ujan lebat, bau busuk kecium sampe radius 300 meter, tlong buatin tanggull darurat pa kades",Sampah/Banjir
BLT ga kunjung cair udah 2 bulan lebih dari jadwal yang dijanjikan,Bansos
"Parah banget Penyaluran beras bansos sekitar Baleendah saldo d kartu e-warong kosong melompong, warga miskin beneran cuma bs gigit jari tolong segera ditindak",Bansos
"Lapor pak, Bansos PKH dan BPNT Dayeuhkolot salah sasaran yg mampu dan bermobil malah dapet warga miskin beneran cuma bisa gigit jari. mohon kades/lurah tindak tegas oknum yg motong",Bansos
"Sampah di TPS di Ciparay bikin bau comberan masuk k kamar, bikin warga gatal-gatal dan batuk, butuh perahu karet buat evakuasi warga",Sampah/Banjir
"Min tolong Bansos PKH dan BPNT daerah Cicalengka kualitas beras berkutu, apek dan hancur sampe anak yatim ga bs beli perlengkapan sekolah",Bansos
Sampah menumpuk di jembatan kecil bikin air ga bisa lewat lancar,Sampah/Banjir
"Warga Dayeuhkolot ngeluh Jembatan kecil berlubang parah, dampaknya shockbreaker muntor jebol, jangan nunggu ada korban jiwa baru dibenerin",Jalan Rusak
"Parah banget Aksi curanmor sekitar Gedebage nongkrong d pos ronda sambil nenggak ciu, banyak kehilangan mtr dlm sepekan tolong segera ditindak",Keamanan/Ketertiban
"Satpam komplek sering ga ada di pos, keamanan jadi longgar",Keamanan/Ketertiban
"Lapor pak, Jalan gang Manggahang aspalnya udah ngelupas abis bikin motor sering jatoh tiap malem. tolong dinas pupr segera aspal ulang",Jalan Rusak
Min tolong Kartu Sembako Murah daerah Ciwidey salah sasaran yg mampu dan bermobil malah dapet sampe uang bantuan berkurang banyak kepotong pungli,Bansos
Sampah rumah tangga menumpuk berhari-hari ga diangkut petugas,Sampah/Banjir
"Warga Pasirjambu ngeluh Tikungan jalan rusak berat gak dibenerin, dampaknya bahaya bgt buat anak2 sekolah, tolong pak lurah perhatikan jalan kami",Jalan Rusak
"Warga Sapan ngeluh Bansos PKH dan BPNT nama dicoret tiba-tiba padahal miskin, dampaknya warga ngeluh ga ada transparansi, mohon kades/lurah tindak tegas oknum yg motong",Bansos
Anak muda sering nongkrong sambil minum keras di dekat masjid,Keamanan/Ketertiban
Kejadian pelecehan di angkot bikin warga perempuan takut naik sendirian,Keamanan/Ketertiban
"Parah banget Sampah rmh tangga sekitar Bojongsoang tanggulnya rembes dan bocor, bikin lingkungan kumuh dan bau menyengat plis segera ditindak",Sampah/Banjir
"Parah bngt Sampah di TPS sekitar Bojongmalaka lumpur sedimennya udah tebel bgt, akses jalan lumpuh total ga bisa lewat motor tolong segera ditindak",Sampah/Banjir
Saldo kartu sembako saya kosong padahal harusnya sudah terisi,Bansos
"Parah banget Pencairan dana bansos d kantor pos/bank sekitar Solokan Jeruk kualitas beras berkutu, apek dan hancur, anak yatim ga bisa beli perlengkapan sekolah tlg segera ditindak",Bansos
Rumah kosong sering dijadikan tempat mabuk-mabukan anak muda,Keamanan/Ketertiban
Min plis Gorong-gorong daerah Nagreg tanggulnya rembes dan bocor sampe anak sekolah ga bisa lewat,Sampah/Banjir
Keributan warga gara-gara sound system pesta yang kelewat kencang,Keamanan/Ketertiban
"Warga Banjaran ngeluh Pelecehan / catcalling berkeliaran bawa senjata tajam / cerulit, dampaknya korban mengalami luka sabetan sajam, min tlong sampaikan ke babinsa/bhabinkamtibmas",Keamanan/Ketertiban
"Parah bgt Tempa penampungan sampah sekitar Kutawaringin meluap ke jalan tiap ujan lebat, mtr mogok massal pas nekat nerobos tolong segera ditindak",Sampah/Banjir
"Lapor pak, Maling jemuran dan gas lpg Dayeuhkolot beraksi pas subuh warga lagi sholat warga jadi was-was dan ga tenang. mohon pasang lampu jalan dan cctv di titik rawan",Keamanan/Ketertiban
"Parah banget Geng motor ugal-ugalan sekitar Majalaya nyolong barang warga secara beruntun, warga jadi was-was dan ga tenang tolong segera ditindak",Keamanan/Ketertiban
"Tempat penampungan sampah di Pangalengan mampet total gara-gara plastik dan sampah, bau busuk kecium sampe radius 300 meter, tolong buatin tanggul darurat pa kades",Sampah/Banjir
"tolong armada truk sampah segera dateng, Sampah rumah tangga di Ciganitri udah baunya nusuk hidung bikin enek bikin akses jalan lumpuh total ga bs lewat muntor",Sampah/Banjir
"Lapor pak, Pencairan dana bansos d kantor pos/bank Sukamenak saldo d kartu e-warong kosong melompong uang bantuan berkurang banyak kepotong pungli. tolong usut tuntas pungli bantuan sosial ini",Bansos
Sampah dibuang sembarangan ke sungai bikin air tersumbat,Sampah/Banjir
"tolong polres dan polsek rutin patroli malam, Aksi curanmor di Arjasari udah sering lempar batu dan botol kaca bikin korban mengalami luka sabetan sajam",Keamanan/Ketertiban
"Warga Arjasari ngeluh Paving block jalan ancur lebur, dampaknya shockbreaker muntor jebol, pliss segera di tindaklanjuti pa",Jalan Rusak
Bantuan sosial untuk lansia terlantar belum pernah sampai ke kami,Bansos
Min tolong Air selokan daerah Kutawaringin bikin bau comberann masuk k kamar sampe motor mogok massal pas nekat nerobos,Sampah/Banjir
"Drainase kota udah lama ga dikeruk, makanya gampang banjir",Sampah/Banjir
"Jalan komplek di Bojongsoang aspalnya udah ngelupas abis, bikin macet parah tiap pagi, tlong dinas pupr segera aspal ulangg",Jalan Rusak
"Pencairan dana bansos di kantor pos/bank di Bojongmalaka nama dicoret tiba-tiba padahal miskin, lansia kurang mampu kesulitan beli beras, mohon kades/lurah tindak tegas oknum yg motong",Bansos
"Banjir parah di Andir tiap musim hujan, air sampe selutut",Sampah/Banjir
"Parah banget Kartu Indonesia Sehat (KIS PBI) sekitar Cangkuang aplikasi pendaftaran bansos error dan gbs login, uang bantuan berkurang banyak kepotong pungli plis segera ditindak",Bansos
Bantuan rumah tidak layak huni yang dijanjikan belum ada realisasi,Bansos
"Parah banget Pencairan dana bansos d kantor pos/bank sekitar Manggahang keluarga dan timses kades diprioritaskan, anak yatim ga bisa beli perlengkapan sekolah tolong segera ditindak",Bansos
Min tolong Jalan desa daerah Manggahang banyak jeglongan sewu sampe bahaya bgt buat anak2 sekolah,Jalan Rusak
"Jalan komplek d Bojongmalaka berlubang parah, bikin velg mtr peang dan ban bocor, mohon pak bupati gercep benerin",Jalan Rusak
"Warga Pameungpeuk ngeluh Warung miras ilegal neror anak-anak sekolah pas pulang, dampaknya pengendara motor cewek takut lewat situ, mohon pasang lampu jalan dan cctv d titik rawan",Keamanan/Ketertiban
"Parah bgt Tikungan jalan sekitar Cibaduyut aspal hotmix nya ngelotok, bikin debu tebel kalo panas tlg segera ditindak",Jalan Rusak
"Parah banget Sound horeg hajatan sekitar Rancaekek berkeliaran bawa senjata tajam / cerulit, pengendara motor cewek takut lewat situ tlong segera ditindak",Keamanan/Ketertiban
"Lapor pak, Geng muntor ugal-ugalan Cimenyan beraksi pas subuh warga lagi sholat anak balita kaget nangis kebangun. mohon pasang lampu jalan dan cctv di titik rawan",Keamanan/Ketertiban
Jalan raya utama sering banjir + berlubang jadi double masalah,Jalan Rusak
"Pencurian rmh kosong di Cilengkrang maksa minta uang keamanan k pedagang kecil, pengendara motor cewek takut lewat situ, tolongg pos kamling diaktifkan lagi",Keamanan/Ketertiban
"Lapor pak, Kartu Sembako Murah Pasirjambuu kualitas beras berkutu, apek dan hancur uang bantuan berkurang banyak kepotong pungli. tlong bantu proses pencairan kartu sy min",Bansos
"Sampah plastik menyumbat saluran air, minta segera dibersihkan",Sampah/Banjir
Min plis Akses jalan masuk daerah Majalaya banyak jeglongan sewu sampe mobil ceper sering mentok,Jalan Rusak
"Parah banget Jalan dekat pasar sekitar Margahayu bergelombang bikin oleng, warga was2 tiap lewat apalagi pas ujan tolong segera ditindak",Jalan Rusak
"Tumpukan sampah liar di Soreang meluap ke jalan tiap ujan lebat, bikin lingkungan kumuh dan bau menyengat, dinas kebersihan tolong angkut sampahnya",Sampah/Banjir
"Lapor pak, Akses jalan masuk Cileunyi rusak berat gak dibenerin warga was2 tiap lewat apalagi pas ujan. min tolong sampaikan k dinas terkait",Jalan Rusak
Min tolong Bantuan modal UMKM daerah Cibaduyut aplikasi pendaftaran bansos error dan gbs login sampe warga sakit ga bisa berobatt krn KIS dinonaktifkan,Bansos
"Warga Cibaduyut ngeluh Jalan raya aspalnya udah ngelupas abis, dampaknya warga was2 tiap lewat apalagi pas ujan, tlong dinas pupr segera aspal ulang",Jalan Rusak
Min tlong Maling jemuran dan gas lpg daerah Soreang neror anak-anak sekolah pas pulang sampe banyak kehilangan mtr dlm sepekan,Keamanan/Ketertiban
"Lapor pak, Geng muntor ugal-ugalan Cibaduyut makin marak dan meresahkan warga banyak kehilangan muntor dlm sepekan. tolong tertibkan balap liar pak polisi",Keamanan/Ketertiban
"Parah banget Aksi begal bersenjata sekitar Pameungpeuk neror anak-anak sekolah pas pulang, pedagang kecil rugi diperas terus tolong segera ditindak",Keamanan/Ketertiban
"Parah banget Jembatan kecil sekitar Cileunyi aspalnya udah ngelupas abis, angkot ga mau lewat situ lg plis segera ditindak",Jalan Rusak
"Warga Soreang ngeluh Bantuan Langsung Tunai (BLT) nama dicoret tiba-tiba padahal miskin, dampaknya uang bantuan berkurang banyak kepotong pungli, tolong dinas sosial audit ulang data penerima",Bansos
Min tlg Tikungan jalan daerah Banjaran rusak berat gak dibenerin sampe shockbreaker mtr jebo,Jalan Rusak
"Min plis Bantuan Langsung Tunai (BLT) daerah Gedebage kualitas beras berkutu, apek dan hancur sampe warga miskin beneran cuma bisa gigit jari",Bansos
"Pintu air di Majalaya mampet totall gara-gara plastik dan sampah, bikin lingkungan kumuh dan bau menyengat, butuh perahu karet buat evakuasi warga",Sampah/Banjir
"Parah banget Pungutan liar oknum sekitar Bojongmalaka maksa minta uang keamanan k pedagang kecil, warga takut keluar rumah malem hari tolong segera ditindak",Keamanan/Ketertiban
"Lapor pak, Got depan rumah warga Baleendah merendam rumah warga setinggi paha anak sekolah ga bisa lewat. tolong buatin tanggul darurat pa kades",Sampah/Banjir
"Parah banget Drainase pemukiman sekitar Ujungberung airnya item pekat dan berbau busuk, bau busuk kecium sampe radius 300 meter tolong segera ditindak",Sampah/Banjir
"Warga Pameungpeuk ngeluh Pemuda mabuk-mabukan berkeliaran bawa senjata tajam / cerulit, dampaknya pedagang kecil rugi diperas terus, plis tertibkan balap liar pak polisi",Keamanan/Ketertiban
"mohon pasang lampu jalan dan cctv di titik rawan, Sound horeg hajatan di Tegalluar udah maksa minta uang keamanan k pedagang kecil bikin korban mengalami luka sabetan sajam",Keamanan/Ketertiban
"Jembatan kecil di Rancaekek retak, warga takut lewat apalagi motor",Jalan Rusak
"Pungutan liar oknum d Sapan sering lempar batu dan botol kaca, korban mengalami luka sabetan sajam, plis tertibkan balap liar pak polisi",Keamanan/Ketertiban
"Sampah di TPS di Pasirjambu menggunung udah berminggu-minggu ga diangkut, akses jalan lumpuh total ga bisa lewat mtr, minta bantuan pompa air sedot banjir min",Sampah/Banjir
"Jembatan kecil di Nagre rusak kena kikis air comberan, bahaya bgt buat anak2 sekolah, minta tolong segera di hotmix",Jalan Rusak
"Lapor pak, Tikungan jalan Gedebage rusak berat gak dibenerin warga was2 tiap lewat apalagi pas ujan. pliss segera di tindaklanjuti pa",Jalan Rusak
Warga lansia di kampung saya belum dapat bantuan sama sekali,Bansos
"Warga Soreang ngeluh Kartu Sembako Murah salah sasaran yg mampu dan bermobil malah dapet, dampaknya warga miskin beneran cuma bsa gigit jari, tolong bantu proses pencairan kartu saya min",Bansos
"Warga Pangalengan ngeluh Tikungan jalan bolong dalem banget, dampaknya bikin motor sering jatoh tiap malem, minta tlg segera di hotmix",Jalan Rusak
Min tlg Pemuda mabuk-mabukan daerah Ibun beraksi pas subuh warga lagi sholat sampe anak balita kaget nangis kebangun,Keamanan/Ketertiban
"Pendataan bansos ga akurat, banyak yg mampu malah masuk daftar",Bansos
"Warga Banjaran ngeluh Geng motor ugal-ugalan makin marak dan meresahkan warga, dampaknya banyak kehilangan motor dlm sepekan, tangkap dan tindak oknum preman meresahkan",Keamanan/Ketertiban
"Warga Solokan Jeruk ngeluh Pencairan dana bansos di kantor pos/bank salah sasaran yg mampu dan bermobil malah dapet, dampaknya warga sakit ga bisa berobat krn KIS dinonaktifkan, tlg bantu proses pencairan kartu saya min",Bansos
"Lapor pak, Aksi begal bersenjata Kopo maksa minta uang keamanan ke pedagang kecil warga takut keluar rumah malem hari. tolong pos kamling diaktifkan lagi",Keamanan/Ketertiban
"Tikungan jalan di Cileunyi retak-retak parah, bikin velg motor peang dan ban bocor, pliss segera di tindaklanjuti pa",Jalan Rusak
"mohon pasang lampu jalan dan cctv di titik rawan, Geng mtr ugal-ugalan di Bojongmalaka udah neror anak-anak sekolah pas pulang bikin pedagang kecil rugi diperas terus",Keamanan/Ketertiban
"Warga Tegalluar ngeluh Knalpot brong bising terjadii terus tiap malam minggu, dampaknya warga jadi was-was dan ga tenang, min tolong sampaikan ke babinsa/bhabinkamtibmas",Keamanan/Ketertiban
"Parah banget Aksi begal bersenjata sekitar Banjaran makin marak dan meresahkan warga, lingkungan jadi rawan kriminal plis segera ditindak",Keamanan/Ketertiban
Min tolong Kartu Indonesia Sehat (KIS PBI) daerah Rancamanyar aplikasi pendaftaran bansos error dan gbs login sampe warga ngeluh ga ada transparansi,Bansos
"Pencairan dana bansos d kantor pos/bank d Margahayu proses birokrasinya dipersulit petugas kelurahan, uang bantuan berkurang banyak kepotong pungli, tolong usut tuntas pungli bantuan sosial ini",Bansos
Min plis Aksi begal bersenjata daerah Bojongmalaka terjadi terus tiap malam minggu sampe warga takut keluar rumah malem hari,Keamanan/Ketertiban
Min tlong Pintu air daerah Cimenyan baunya nusuk hidung bikin enek sampe warga terpaksa ngungsi ke mushola,Sampah/Banjir
"Warga Pameungpeuk ngeluh Pungutan liar oknum maksa minta uang keamanan ke pedagang kecil, dampaknya anak balita kaget nangis kebangun, tolong pos kamling diaktifkan lagi",Keamanan/Ketertiban
Kartu bansos hilang tapi ga bisa diurus penggantiannya di kelurahan,Bansos
"Parah banget Paving block jalan sekitar Majalaya bolong dalem banget, warga was2 tiap lewat apalagi pas ujan tolong segera ditindak",Jalan Rusak
Ada indikasi peredaran narkoba di lingkungan RT sebelah,Keamanan/Ketertiban
"jangan nunggu ada korban jiwa baru dibenerin, Jalan dekat pasar d Gedebage udah berlubang parah bikin warga was2 tiap lewat apalagi pas ujan",Jalan Rusak
Min tolongg Aksi curanmor daerah Majalaya neror anak-anak sekolah pas pulang sampe warga takut keluar rmh malem hari,Keamanan/Ketertiban
"Parah banget Sungai/kali sekitar Majalaya mampet total gara-gara plastik dan sampah, bikin warga gatal-gatal dan batuk tolong segera ditindak",Sampah/Banjir
"Lapor pak, Kartu Keluarga Sejahtera (KKS) Cicalengka ada pemotonga dana sepihak oleh oknum RT/RW warga ngeluh ga ada transparansi. mohon kades/lurah tindak tegas oknum yg motong",Bansos
"tlg usut tuntas pungli bantuan sosial ini, Kartu Indonesia Sehat (KIS PBI) di Paseh udah aplikasi pendaftaran bansos error dan gbs login bikin lansia kurang mampu kesulitan beli beras",Bansos
"Pencairan dana bansos d kantor pos/bank d Cikoneng kualitas beras berkutu, apek dan hancur, korban PHK ga dapet perhatian sama sekali, mohon penyaluran bansos dilakukan secara transparan",Bansos
"Lapor pak, Penyaluran berass bansos Cimenyan warga difabel/lansia terlewat ga didata warga ngeluh ga ada transparansi. plis bantu proses pencairan kartu saya min",Bansos
Min plis Jalur tanjakan daerah Ibun licin dan banyak kerikil tajam sampe bikin velg motor peang dan ban bocor,Jalan Rusak
Min plis Got depan rumah warga daerah Rancamanyar bikin bau comberan masuk k kamar sampe barang elektronik pada rusak kerendem,Sampah/Banjir
Min tolong Aksi tawuran remaja daerah Pasirjambu makin marak dan meresahkan warga sampe pedagang kecil rugi diperas terus,Keamanan/Ketertiban
"Parah banget Jalan gang sekitar Cibiru retak-retak parah, angkot ga mau lewat situ lg tolong segera ditindak",Jalan Rusak
"Lapor pak, Jalan raya Paseh bolong dalem bngt warga was2 tiap lewat apalagi pas ujan. plis dinas pupr segera aspal ulang",Jalan Rusak
Warga takut keluar malam karena banyak kejadian curanmor,Keamanan/Ketertiban
Banjir bikin akses jalan ke sekolah anak jadi ga bisa dilewati,Sampah/Banjir
Min tolong Jembatan kecil daerah Manggahang retak-retak parah sampe warga was2 tiap lewat apalagi pas ujan,Jalan Rusak
"Parah banget Kartu Sembako Murah sekitar Solokan Jeruk saldo d kartu e-warong kosong melompong, warga sakit ga bsa berobat krn KIS dinonaktifkan tlong segera ditindak",Bansos
Aksi corat-coret dan perusakan fasilitas umum makin sering terjadi,Keamanan/Ketertiban
"tolong verifikasi lapangan langsung ke rumah warga, Pencairan dana bansos d kantor pos/bank d Cangkuang udah proses birokrasinya dipersulit petugas kelurahan bikin warga ngeluh ga ada transparansi",Bansos
Min tolong Air selokan daerah Baleendah mampet total gara-gara plastik dan sampah sampe bikin lingkungan kumuh dan bau menyengat,Sampah/Banjir
"Lapor pak, Judi online slot Rancaekek sering lempar batu dan botol kaca lingkungan jadi rawan kriminal. mohon pasang lampu jalan dan cctv di titik rawan",Keamanan/Ketertiban
Min tolong Got depan rumah warga daerah Ciparay ga surut-surut udah 3 hari sampe banyak nyamuk DBD,Sampah/Banjir
"Warga Paseh ngeluh Bantuan modal UMKM aplikasi pendaftaran bansos erro dan gbs login, dampaknya anak yatim ga bsa beli perlengkapan sekolah, tolong usut tuntas pungli bantuan sosial ini",Bansos
"Parah banget Pencurian rmh kosong sekitar Sapan terjadi terus tiap malam minggu, warga takut keluar rmh malem hari tolong segera ditindak",Keamanan/Ketertiban
"Tempat sampah umum udah penuh dan rusak, sampah berserakan kemana2",Sampah/Banjir
"Lapor pak, Sungai/kali Cicalengka bikin bau comberan masuk ke kamar akses jalan lumpuh total ga bisa lewat muntor. tolong armada truk sampah segera dateng",Sampah/Banjir
"Jalan desa di Cangkuang rusak berat gak dibenerin, angkot ga mau lewat situ lg, min tolong sampaika ke dinas terkait",Jalan Rusak
"Warga Rancaekek ngeluh Aksi curanmor beraksi pas subuh warga lagi sholat, dampaknya anak balita kaget nangis kebangun, mohon pasang lampu jalan dan cctv di titik rawan",Keamanan/Ketertiban
"Warga Cilengkrang ngeluh Paving block jalan amblas separuh badan, dampaknya bikin velg motor peang dan ban bocor, jangan nunggu ada korban jiwa baru dibenerin",Jalan Rusak
Min tlg Banjir tahunan daerah Cileunyi lumpur sedimennya udah tebel bgt sampe muntor mogok massal pas nekat nerobos,Sampah/Banjir
"Pelecehan / catcalling d Paseh nongkrong d pos ronda sambil nenggak ciu, anak balita kaget nangis kebangun, tolong polres dan polsek rutin patroli malam",Keamanan/Ketertiban
Bansos PKH saya diblokir tiba-tiba tanpa pemberitahuan sebelumnya,Bansos
"Lapor pak, Tikungan jalan Paseh banyak jeglongan sewu warga was2 tiap lewat apalagi pas ujan. jangan nunggu ada korban jiwa baru dibenerin",Jalan Rusak
"Warga Rancamanyar ngeluh Jalan komplek retak-retak parah, dampaknya bikin macet parah tiap pagi, kapan mau ditambal min?",Jalan Rusak
"Warga Kutawaringin ngeluh Pemuda mabuk-mabukan nyolong barang warga secara beruntun, dampaknya warga takut keluar rumah malem hari, tolong pos kamling diaktifkan lagi",Keamanan/Ketertiban
Min tolong Sampah di TPS daerah Katapang tanggulnya rembes dan bocor sampe bikin lingkungan kumuh dan bau menyengat,Sampah/Banjir
"Warga Dayeuhkolot ngeluh Air selokan airnya item pekat dan berbau busuk, dampaknya banyak nyamuk DBD, mohon dinas lingkungan hidup turun tangan",Sampah/Banjir
"Lapor pak, Akses jalan masuk Cileunyi ancur lebur angkot ga mau lewat situ lg. mohon pak bupati gercep benerin",Jalan Rusak
"Pencurian rumah kosong di Bojongmalaka maksa minta uang keamanan ke pedagang kecil, warga jadi was-was dan ga tenang, tangkap dan tindak oknum preman meresahkan",Keamanan/Ketertiban
"tlong bantu proses pencairan kartu sy min, Bansos PKH dan BPNT di Tegalluar udah keluarga dan timses kades diprioritaskan bikin anak yatim ga bisa beli perlengkapan sekolah",Bansos
"Lapor pak, Jalan utama Arjasari berlubang parah bikin macet parah tiap pagi. minta tolong segera d hotmix",Jalan Rusak
"tlg buatin tanggul darurat pa kades, Tumpukan sampah liar di Pasirjambu udah bikin bau comberan masuk ke kamarr bikin warga terpaksa ngungsi ke mushola",Sampah/Banjir
"Lapor pak, Jln protokol Pasirjambu berlubang parahh bahaya bgt buat anak2 sekolah. min tolong sampaikan ke dinas terkait",Jalan Rusak
"Kartu Indonesia Sehat (KIS PBI) di Nagreg aplikasi pendaftaran bansos error dan gbs login, lansia kurang mampu kesulitan beli beras, mohon penyaluran bansos dilakukan secara transparan",Bansos
"mohon dinas lingkungan hidup turun tangan, Tumpukan sampah liar di Sapan udah meluap ke jalan tiap ujan lebat bikin banyak nyamuk DBD",Sampah/Banjir
Min tlong Got depan rumah warga daerah Soreang menggunung udah berminggu-minggu ga diangkut sampe mtr mogok massal pas nekat nerobos,Sampah/Banjir
"Parah bngt Bantuan bedah rumah rutilahu sekitar Katapang aplikasi pendaftaran bansos error dan gbs login, uang bantuan berkurang banyak kepotong pungl tolong segera ditindak",Bansos
Warung remang-remang buka sampai larut ganggu ketertiban lingkungan,Keamanan/Ketertiban
"Lapor pak, Pencurian rumah kosong Cibiruu nongkrong di pos ronda sambil nenggak ciu warga jadi was-was dan ga tenang. plis pos kamling diaktifkan lagi",Keamanan/Ketertiban
"Warga Gedebage ngeluh Maling jemura dan gas lpg beraksi pas subuh warga lagi sholat, dampaknya warga takut keluar rmh malem hari, tlg pos kamling diaktifkan lagi",Keamanan/Ketertiban
"Pintu air d Kutawaringin merendam rumah warga setinggi paha, aksess jalan lumpuh total ga bs lewat motor, minta bantuan pompa air sedot banjir min",Sampah/Banjir
"Parah banget Banjir tahunan sekitar Gedebage penuh belatung dan lalat hijau, bau busuk kecium sampe radius 300 meter tolong segera ditindak",Sampah/Banjir
"Bantuan sembako bulan ini kualitasnya jelek, berasnya banyak kutu",Bansos
"Warga Kopo ngeluh Saluran air induk airnya item pekat dan berbau busuk, dampaknya bau busuk kecium sampe radius 300 meter, tolong armada truk sampah segera dateng",Sampah/Banjir
"Lapor pak, Banjir tahunan Ciwidey menggunung udah berminggu-minggu ga diangkut banyak nyamuk DBD. tolong keruk selokan min",Sampah/Banjir
"Parah banget Sound horeg hajatan sekitar Rancamanyar terjadi terus tiap malam minggu, banyak kehilangan motor dlm sepekan tlong segera ditindak",Keamanan/Ketertiban
Warga resah dengan aksi vandalisme coret-coret tembok tiap malam,Keamanan/Ketertiban
"mohon pasang lampu jalan dan cctv di titik rawan, Pungutan liar oknum di Cimenyan udah bikin suara bising ga bisa tidur tiap mlem bikin pengendara muntor cewek takut lewat situ",Keamanan/Ketertiban
"Warga Dayeuhkolot ngeluh Jalan komplek bolong dalem banget, dampaknya angkot ga mau lewat situ lg, mohon pak bupati gercep benerin",Jalan Rusak
"Jalan dekat pom bensin berlubang dalem banget, udah ada yg jatuh",Jalan Rusak
Jembatan penghubung antar RW retak2 warga khawatir kalo dilewatin motor byk,Jalan Rusak
"mohon pak bupati gercep benerin, Jalan raya d Cangkuang udah amblas separuh badan bikin shockbreaker motor jebol",Jalan Rusak
"butuh perahu karet buat evakuas warga, Drainase pemukiman di Ciwidey udah ga surut-surut udah 3 hari bikin bikin warga gatal-gatal dan batuk",Sampah/Banjir
"Warga Gedebage ngeluh Aspal jalan retak-retak parah, dampaknya angkot ga mau lewat situ lg, pliss segera di tindaklanjuti pa",Jalan Rusak
"Parah banget Pencairan dana bansos d kantor pos/bank sekitar Kopo warga difabel/lansia terlewat ga didata, lansia kurang mampu kesulitan beli beras tolong segera ditindak",Bansos
"Parah banget Balap liar tengah malam sekitar Cicalengka neror anak-anak sekolah pas pulang, anak balita kaget nangis kebangun plis segeraa ditindak",Keamanan/Ketertiban
Jln menuju kecamatan Ciwidey byk lubang gede udah brp kali motor org jatoh,Jalan Rusak
"Parah banget Knalpot brong bising sekitar Ibun beraksi pas subuh warga lagi sholat, banyak kehilangan muntor dlm sepekan plis segera ditindak",Keamanan/Ketertiban
Lampu jalan mati total bikin gang rawan begal tiap malam,Keamanan/Ketertiban
"Min plis Kartu Indonesia Sehat (KIS PBI) daerah Cangkuang kualitas beras berkutu, apek dan hancur sampe lansia kurang mampu kesulitan beli beras",Bansos
"Lapor pak, Pemuda mabuk-mabukan Cileunyi nongkrong di pos ronda sambil nenggak ciu warga jadi was-was dan ga tenang. tangkap dan tindak oknum preman meresahkan",Keamanan/Ketertiban
"plis tertibkan balap liar pak polisi, Geng motor ugal-ugalan di Cimenyan udah maksa minta uang keamanan k pedagang kecil bikin anak balita kaget nangis kebangun",Keamanan/Ketertiban
"min tolong sampaikan ke babinsa/bhabinkamtibmas, Preman pasar di Majalaya udah neror anak-anak sekolah pas pulang bikin warga jadi was-was dan ga tenang",Keamanan/Ketertiban
"Lapor pak, Bansos PKH dan BPNT Paseh proses birokrasinya dipersulit petugas kelurahan korban PHK ga dapet perhatian sama sekali. plis dinas sosial audit ulang data penerima",Bansos
Min tolong Drainase pemukiman daerah Dayeuhkolot bikin bau comberan masuk ke kamar sampe mtr mogok massal pas nekat nerobos,Sampah/Banjir
"Warga Kutawaringin ngeluh Pencairan dana bansos di kantor pos/bank ada pemotongan dana sepihak oleh oknum RT/RW, dampaknya warga miskin beneran cuma bs gigit jari, tlong dinas sosial audit ulang data penerima",Bansos
"Sungai/kali d Cilengkrang merendam rumah warga setinggi paha, motor mogok massal pas nekat nerobos, tolong pak camat segera tinjau lokasi",Sampah/Banjir
"Parah banget Bantuan bedah rumah rutilahu sekitar Margahayu saldo di kartu e-warong kosong melompong, warga miskin beneran cuma bsa gigit jari tolong segera ditindak",Bansos
"Jembatan kecil di Ibun amblas separuh badan, shockbreaker motor jebol, tolong dinas pupr segera aspal ulang",Jalan Rusak
"Warga Baleendah ngeluh Maling jemuran dan gas lpg makin marak dan meresahkan warga, dampaknya pedagang kecil rugi diperas terus, tangkap dan tindak oknum preman meresahkan",Keamanan/Ketertiban
"Sampah di TPS di Pangalengan tanggulnya rembes dan bocor, bikin warga gatal-gatal dan batuk, tlong armada truk sampah segera dateng",Sampah/Banjir
"tolong dinas sosial audit ulang data penerima, Bansos PKH dan BPNT d Cicalengka udah nama dicoret tiba-tiba padahal miskin bikin anak yatim ga bisa beli perlengkapan sekolah",Bansos
"Parah bngt Balap liar tengah mlm sekitar Kutawaringin terjadi terus tiap mlm minggu, pedagang kecil rugi diperas terus plis segera ditindak",Keamanan/Ketertiban
"Data Terpadu Kesejahteraan Sosial (DTKS) di Pangalengan nama dicoret tiba-tiba padahal miskin, lansia kurang mampu kesulitan beli beras, tolong dinas sosial audit ulang data penerima",Bansos
"Warga Arjasari ngeluh Geng motor ugal-ugalan berkeliaran bawa senjata tajam / cerulit, dampaknya warga jadi was-was dan ga tenang, mohon pasang lampu jalan dan cctv di titik rawan",Keamanan/Ketertiban
"Lapor pak, Penyaluran beras bansos Cileunyi kualitas beras berkutu, apek dan hancur lansia kurang mampu kesulitan beli beras. tolong usut tuntas pungli bantuan sosial ini",Bansos
"kapan mau ditambal min?, Paving block jalan di Kutawaringin udah ancur lebur bikin udh brp kali ada korban kecelakaan",Jalan Rusak
"Kartu Keluarga Sejahtera (KKS) di Rancamanyar nama dicoret tiba-tiba padahal miskin, korban PHK ga dapet perhatian sama sekali, kemensos tlg perbaiki sistem data DTKS",Bansos
"Lapor pak, Pungutan liar oknum Banjarann nongkrong di pos ronda sambil nenggak ciu banyak kehilangan motor dlm sepekan. min tolong sampaikan k babinsa/bhabinkamtibmas",Keamanan/Ketertiban
"Lapor pak, Preman pasar Gedebage beraksi pas subuh warga lagi sholat korban mengalami luka sabetan sajam. mohon pasang lampu jalan dan cctv d titik rawan",Keamanan/Ketertiban
Ada dugaan pemotongan dana bansos oleh oknum di tingkat RT,Bansos
"Jalan alternatif di Cilengkrang bergelombang bikin oleng, bikin velg muntor peang dan ban bocor, tolong pak lurah perhatikan jalan kami",Jalan Rusak
"Warga Bojongmalaka ngeluh Aspal jalan licin dan banyak kerikil tajam, dampaknya bikin mtr sering jatoh tiap malem, jangan nunggu ada korban jiwa baru dibenerin",Jalan Rusak
"Parah bgt Pungutan liar oknum sekitar Cileunyi terjadi terus tiap mlm minggu, lingkungan jadi rawan kriminal tolong segera ditindak",Keamanan/Ketertiban
Min tolong Jalan alternatif daerah Pasirjambu penuh kubangan air sampe bahaya bgt buat anak2 sekolah,Jalan Rusak
"Aspal jalan Majalaya udah abis kikis, tinggal batu2 kerikil doang",Jalan Rusak
"Drainase pemukiman di Cileunyi airnya item pekat dan berbau busuk, akses jalan lumpuh total ga bisa lewat motor, plis buatin tanggul darurat pa kades",Sampah/Banjir
Min plis Penyaluran beras bansos daerah Pangalengan udah 3 bulan belum cair tanpa penjelasan sampe uang bantuan berkurang banyak kepotong pungli,Bansos
"kapan mau ditambal min?, Jalan poros di Dayeuhkolot udah penuh kubangan air bikin mobil ceper sering mentok",Jalan Rusak
"Lapor pak, Genangan cileuncang Katapang baunya nusuk hidun bikin enek warga terpaksa ngungsi ke mushola. tolong keruk selokan min",Sampah/Banjir
"mohon aparat keamanan segera bertindak tegas, Balap liar tengah malam d Cileunyi udah bikin suara bising ga bisa tidur tiap malam bikin lingkungan jadi rawan kriminal",Keamanan/Ketertiban
"Lapor pak, Kartu Keluarga Sejahtera (KKS) Cimenyan keluarga dan timses kades diprioritaskan warga ngeluh ga ada transparansi. mohon penyaluran bansos dilakukan secara transparan",Bansos
Min plis Judi online slot daerah Rancaekek beraksi pas subuh warga lagi sholatt sampe korban mengalami luka sabetan sajam,Keamanan/Ketertiban
"Lapor pak, Kartu Indonesia Sehat (KIS PBI) Cileunyi ada pemotongan dana sepihak oleh oknum RT/RW warga sakit ga bs berobat krn KIS dinonaktifkan. tolong verifikasi lapangan langsung k rmh warga",Bansos
"tolong polres dan polsek rutin patroli malam, Sound horeg hajatan d Ciwidey udah terjadi terus tiap malam minggu bikin pengendara mtr cewek takut lewat situ",Keamanan/Ketertiban
"Bantuan modal UMKM di Pasirjambu saldo di kartu e-warong kosong melompong, warga sakit ga bisa berobat krn KIS dinonaktifkan, plis verifikasi lapangan langsung ke rumah warga",Bansos
"butuh perahu karet buat evakuasi warga, Air selokan di Ibun udah airnya item pekat dan berbau busuk bikin bikin warga gatal-gatal dan batuk",Sampah/Banjir
"Got depan rumah warga d Cileunyi baunya nusuk hidung bikin enek, warga terpaksa ngungsi ke mushola, butuh perah karet buat evakuasi warga",Sampah/Banjir
"Lapor pak, Penyaluran beras bansos Kopo proses birokrasinya dipersulit petugas kelurahan warga sakit ga bsa berobat krn KIS dinonaktifkan. tlong bantu proses pencairan kartu saya min",Bansos
"Lapor pak, Gorong-gorong Majalaya ga surut-surut udah 3 hari barang elektronik pada rusak kerendem. plis pak camat segera tinjau lokasi",Sampah/Banjir
"Warga Baleendah ngeluh Pencurian rmh kosong maksa minta uang keamanan ke pedagang kecil, dampaknya warga jadi was-was dan ga tenang, min tolong sampaikan ke babinsa/bhabinkamtibmas",Keamanan/Ketertiban
"jangan nunggu ada korban jiwa baru dibenerin, Jalan poros di Cicalengka udah banyak jeglongan sewu bikin bikin macet parah tiap pagi",Jalan Rusak
"Parah bgt Kartu Sembako Murah sekitar Dayeuhkolot udah 3 bulan belum cair tanpa penjelasan, korban PHK ga dapet perhatian sama sekali tolong segera ditindak",Bansos
"pliss segera d tindaklanjuti pa, Jalan poros d Pameungpeuk udah aspal hotmix nya ngelotok bikin pemotor sering kaget ngerem mendadak",Jalan Rusak
"Warga Banjaran ngeluh Drainase pemukiman lumpur sedimennya udah tebel bgt, dampaknya akses jalan lumpuh total ga bisa lewat muntor, dinas kebersihan tolong angkut sampahnya",Sampah/Banjir
"Jalan rusak parah di depan pasar Banjaran, macet terus tiap pagi",Jalan Rusak
Ada lubang segede kolam di jalan raya Katapang tolong segera diperbaiki,Jalan Rusak
"Tumpukan sampah di pinggir jalan udah menggunung, minta diangkut",Sampah/Banjir
"Parah banget Kartu Indonesia Sehat (KIS PBI) sekitar Gedebage ada pemotongan dana sepihak oleh oknum RT/RW, warga miskin beneran cuma bisa gigit jari tolong segera ditindak",Bansos
"Warga Cimenyan ngeluh Banjir tahunan mampet total gara-gara plastik dan sampah, dampaknya banyak nyamuk DBD, tlg keruk selokan min",Sampah/Banjir
"tolong tertibkan balap liar pak polisi, Preman pasar di Cicalengka udah makin marak dan meresahkan warga bikin korban mengalami luka sabetan sajam",Keamanan/Ketertiban
Min tlong Jalan raya daerah Gedebage bolong dalem bngt sampe udh brp kali ada korban kecelakaan,Jalan Rusak
"Lapor pak, Kartu Sembako Murah Arjasari ada pemotongan dana sepihak oleh oknum RT/RW lansia kurang mampu kesulitan beli beras. mohon kades/lurah tindak tegas oknum yg motong",Bansos
"Aspal jalan protokol Soreang copot sebagian, ninggalin lubang dalam",Jalan Rusak
"Bantuan modal UMKM di Pasirjambu warga difabel/lansia terlewat ga didata, lansia kurang mampu kesulitan beli beras, tolong dinas sosial audit ulang data penerima",Bansos
"plis pak camat segera tinjau lokasi, Kali dekat pasar d Ciganitri udah meluap ke jalan tiap ujan lebat bikin anak sekolah ga bisa lewat",Sampah/Banjir
"Parah banget Aksi curanmor sekitar Rancaekek sering lempar batu dan botol kaca, pedagang kecil rugi diperas terus tolong segera ditindak",Keamanan/Ketertiban
"Lapor pak, Aksi tawuran remaja Rancaekek terjadi terus tiap mlm minggu pedagang kecil rugi diperas terus. tangkap dan tindak oknum preman meresahkan",Keamanan/Ketertiban
Warga lapor ada penipuan berkedok arisan online yang merugikan banyak orang,Keamanan/Ketertiban
"Warga Arjasari ngeluh Banjir tahunan lumpur sedimennya udah tebel bgt, dampaknya barang elektronik pada rusak kerendem, mohon dinas lingkungan hidupp turun tangan",Sampah/Banjir
"tangkap dan tindak oknum preman meresahkan, Judi online slot di Katapang udah bikin suara bising ga bisa tidur tiap mlem bikin banyak kehilangan motor dlm sepekan",Keamanan/Ketertiban
"tolong pak camat segera tinjau lokasi, Gorong-gorong di Cikoneng udah meluap k jalan tiap ujan lebat bikin motor mogok massal pas nekat nerobos",Sampah/Banjir
Min tolong Kartu Sembako Murah daerah Bojongmalaka aplikasi pendaftaran bansos error dan gbs login sampe korban PHK ga dapet perhatian sama sekali,Bansos
"Warga Pameungpeuk ngeluh Pintu air mampet total gara-gara plastik dan sampah, dampaknya bikin lingkungan kumuh dan bau menyengat, tlg armada truk sampah segera dateng",Sampah/Banjir
"Parah banget Aspal jalan sekitar Ciparay banyak jeglongan sewu, angkot ga mau lewat situ lg tolong segera ditindak",Jalan Rusak
"Akses jalan masuk di Pangalengan rusak berat gak dibenerin, angkot ga mau lewat situ lg, plis pak lurah perhatikan jalan kami",Jalan Rusak
Jln raya dket terminal byk lobang parah udh brp motor jatoh disitu,Jalan Rusak
Tumpukan sampah di pinggir jalan raya udah seminggu ga diangkut,Sampah/Banjir
Min plis Air selokan daerah Rancaekek baunya nusuk hidung bikin enek sampe banyak nyamuk DBD,Sampah/Banjir
"Parah bngt Aspal jalan sekitar Bojongsoang bergelombang bikin oleng, mobil ceper sering mentok tlg segera ditindak",Jalan Rusak
Banjir rob kecil di daerah rendah bikin jalan tergenang lama,Sampah/Banjir
"Warga Sapan ngeluh Paving block jalan banyak jeglongan sewu, dampaknya bahaya bgt buat anak2 sekolah, kapan mau ditambal min?",Jalan Rusak
"Warga Pangalengan ngeluh Aksi curanmor nyolong barang warga secara beruntun, dampaknya lingkungan jadi rawan kriminal, tlong tertibkan balap liar pak polisi",Keamanan/Ketertiban
Min tolong Jalan komplek daerah Nagreg aspal hotmix nya ngelotok sampe bikin motor sering jatoh tiap malem,Jalan Rusak
"Pintu air di Kopo baunya nusuk hidung bikin enek, bikin lingkungan kumuh dan bau menyengat, butuh perahu karet buat evakuasi warga",Sampah/Banjir
Min tolong Jembatan kecil daerah Majalaya banyak jeglongan sewu sampe bikin velg motor peang dan ban bocor,Jalan Rusak
Min tolong Jalur tanjakan daerah Cibiru rusak kena kikis air comberan sampe bikin debu tebel kalo panas,Jalan Rusak
Proses pencairan bansos ribet dan berbelit-belit banget,Bansos
"Parah banget Bantuan modal UMKM sekitar Cimenyan nama dicoret tiba-tiba padahal miskin, warga sakit ga bsa berobat krn KIS dinonaktifkan tolong segera ditindak",Bansos
"Lapor pak, Penyaluran beras bansos Cilengkrang saldo d kartu e-warong kosong melompong anak yatim ga bisa beli perlengkapan sekolah. tolong bantu proses pencairan kartu saya min",Bansos
Min tolong Tikungan jalan daerah Dayeuhkolot amblas separuh badan sampe shockbreaker mtr jebol,Jalan Rusak
"Lapor pak, Bantuan modal UMKM Cicalengka saldo di kartu e-warong kosong melompong anak yatim ga bisa beli perlengkapan sekolah. mohon penyaluran bansos dilakukan secara transparan",Bansos
"mohon pasang lampu jalan dan cctv di titik rawan, Pencurian rumah kosong di Paseh udah maksa minta uang keamanan k pedagang kecil bikin korban mengalami luka sabetan sajam",Keamanan/Ketertiban
"Geng motor ugal-ugalan d Ibun bikin suara bising ga bisa tidur tiap malam, warga jadi was-was dan ga tenang, mohon aparat keamanan segera bertindak tegas",Keamanan/Ketertiban
"plis keruk selokan min, Gorong-gorong d Solokan Jeruk udah bikin bau comberan masuk ke kamar bikin akses jalan lumpuh total ga bs lewat motor",Sampah/Banjir
"Wargaa Soreang ngeluh Data Terpadu Kesejahteraan Sosial (DTKS) nama dicoret tiba-tiba padahal miskin, dampaknya lansia kurang mampu kesulitan beli beras, tolong dinas sosial audit ulang data penerima",Bansos
"Lapor pak, Bantuan bedah rmh rutilahu Cibiru kualitas beras berkutu, apek dan hancur lansia kurang mampu kesulitan beli beras. mohon penyaluran bansos dilakukan secara transparan",Bansos
"Warga Cangkuang ngeluh Genangan cileuncang tanggulnya rembes dan bocor, dampaknya warga terpaksa ngungsi k mushola, butuh perahu karet buat evakuasi warga",Sampah/Banjir
"Warga Soreang ngeluh Drainase pemukiman mampet total gara-gara plastik dan sampah, dampaknya bau busuk kecium sampe radius 300 meter, dinas kebersihan tolong angkut sampahnya",Sampah/Banjir
Min plis Saluran air induk daerah Cangkuang merenda rmh warga setinggi paha sampe anak sekolah ga bs lewat,Sampah/Banjir
"Lapor pak, Bantuan modal UMKM Cilengkrang saldo d kartu e-warong kosong melompong korban PHK ga dapet perhatian sama sekali. plis dinas sosial audit ulang data penerima",Bansos
"Petugas kebersihan jarang lewat, sampah numpuk sampe ke jalan",Sampah/Banjir
Bantuan sosial yang dijanjikan pas pandemi belum semua tersalurkan,Bansos
"TPS deket rumah penuh sampah berhari-hari, banyak lalat dan bau",Sampah/Banjir
Min tolong Preman pasar daerah Pangalengan nyolong barang warga secara beruntun sampee korban mengalami luka sabetan sajam,Keamanan/Ketertiban
"Lapor pak, Bantuan bedah rmh rutilahu Ciganitri salah sasaran yg mampu dan bermobil malah dapet warga miskin beneran cuma bisa gigit jari. mohon kades/lurah tindak tegas oknum yg motong",Bansos
Min tolong Kali dekat pasar daerah Banjaran bikin bau comberan masuk k kamar sampe bikin warga gatal-gatal dan batuk,Sampah/Banjir
"mohon pasang lampu jalan dan cctv di titik rawan, Pemuda mabuk-mabukan di Cibaduyut udah terjadi terus tiap mlem minggu bikin banyak kehilangan muntor dlm sepekan",Keamanan/Ketertiban
"Lapor pak, Pelecehan / catcalling Majalaya maksa minta uang keamanan k pedagang kecil warga takut keluar rumah malem hari. tlong polres dan polsek rutin patroli malam",Keamanan/Ketertiban
Bansos sembako belum cair padahal udah didata dari bulan lalu,Bansos
"Parah bgt Jalan dekat pasar sekitar Arjasari aspal hotmix nya ngelotok, udh brp kali ada korban kecelakaan tolong segera ditindak",Jalan Rusak
"Warga Ujungberung ngeluh Warung miras ilegal sering lempar batu dan botol kaca, dampaknya warga jadi was-was dan ga tenang, plis polres dan polsek rutin patroli mlem",Keamanan/Ketertiban
"min tolong sampaikan ke dinas terkait, Jalan gang d Ciparay udah aspal hotmix nya ngelotok bikin bikin macet parah tiap pagi",Jalan Rusak
"Preman pasar d Nagreg beraksi pas subuh warga lagi sholat, lingkungan jadi rawan kriminal, mohon aparat keamanan segera bertindak tegas",Keamanan/Ketertiban
Perkelahian antar kelompok pemuda pecah di lapangan futsal,Keamanan/Ketertiban
"tolong keruk selokan min, Sampah di TPS di Ibun udah penuh belatung dan lalat hijau bikin barang elektronik pada rusak kerendem",Sampah/Banjir
Warga difabel kesulitan akses informasi soal bantuan yang tersedia,Bansos
"Paving block jalan di Pameungpeuk banyak jeglongan sewu, bikin macet parah tiap pagi, min tolong sampaikan ke dinas terkait",Jalan Rusak
"Warga Kutawaringin ngeluh Sungai/kali airnya item pekat dan berbau busuk, dampaknya bau busuk kecium samp radius 300 meter, dinas kebersihan tlg angkut sampahnya",Sampah/Banjir
"Bantuan bedah rumah rutilahu d Pameungpeuk nama dicoret tiba-tiba padahal miskin, lansia kurang mampu kesulitan beli beras, plis usut tuntas pungli bantuan sosial ini",Bansos
"Lapor pak, Sampah rumah tangga Tegalluar merendam rumah warga setinggi paha motor mogok massal pas nekat nerobos. tolong keruk selokan min",Sampah/Banjir
"Lapor pak, Gorong-gorong Tegalluar bikin bau comberan masuk k kamar bikin warga gatal-gatal dan batuk. mohon dinas lingkungan hidup turun tangan",Sampah/Banjir
"tolong polres dan polsek rutin patroli mlm, Aksi tawuran remaja d Cibiru udah makin marak dan meresahkan warga bikin warga jadi was-was dan ga tenang",Keamanan/Ketertiban
"Sampah rumah tangga di Dayeuhkolot mampet total gara-gara plastik dan sampah, bikin warga gatal-gatal dan batuk, tolong armada truk sampah segera dateng",Sampah/Banjir
"Tumpukan sampah liar di Cilengkrang merendam rmh warga setinggi paha, anak sekolah ga bsa lewat, butuh perahu karet buat evakuasi warga",Sampah/Banjir
"Parah banget Kartu Indonesia Sehat (KIS PBI) sekitar Kopo salah sasaran yg mampu dan bermobil malah dapet, anak yatim ga bsa beli perlengkapan sekolah tolong segera ditindak",Bansos
"Lapor pak, Jalan utama Cibiru ancur lebur bikin motor sering jatoh tiap malem. pliss segera di tindaklanjuti pa",Jalan Rusak
"Warga Bojongmalaka ngeluh Bansos PKH dan BPNT saldo di kartu e-warong kosong melompong, dampaknya uang bantuan berkurang banyak kepotong pungli, tolong usut tuntas pungli bantuan sosial ini",Bansos
"Parah bngt Got depan rmh warga sekitar Rancamanyar meluap k jalan tiap ujan lebat, bau busuk kecium sampe radius 300 meter tlong segera ditindak",Sampah/Banjir
"Warga Bojongsoang ngeluh Trotoar bergelombang bikin oleng, dampaknya warga was2 tiap lewat apalagi pas ujan, tolong dinas pupr segera aspal ulang",Jalan Rusak
"plis pak camat segera tinjau lokasi, Drainase pemukiman di Ujungberung udah menggunung udah berminggu-minggu ga diangkut bikin banyak nyamuk DBD",Sampah/Banjir
"Warga Rancamanyar ngeluh Jalan utama rusak kena kikis air comberan, dampaknya pemotor sering kaget ngerem mendadak, jangan nunggu ada korban jiwa baru dibenerin",Jalan Rusak
"Pemuda mabuk-mabukan di Solokan Jeruk maksa minta uang keamanan ke pedagang kecil, warga jadi was-was dan ga tenang, mohonn pasang lampu jalan dan cctv di titik rawan",Keamanan/Ketertiban
"Keamanan pasar minim, banyak copet berkeliaran pas hari ramai",Keamanan/Ketertiban
"Lapor pak, Banjir tahunan Pasirjambu penuh belatung dan lalat hijau bau busuk kecium sampe radius 300 meter. minta bantuan pompa air sedot banjir min",Sampah/Banjir
"mohon dinas lingkunga hidup turun tangan, Tumpukan sampah liar di Margahayu udah penuh belatung dan lalat hijau bikin motor mogok massal pas nekat nerobos",Sampah/Banjir
"Parah banget Preman pasar sekitar Cibiru terjadi terus tiap malam minggu, lingkungan jadi rawan kriminal tolong segera ditindak",Keamanan/Ketertiban
"Lapor pak, Jalan utama Ujungberung bolong dalem bgt bikin velg muntor peang dan ban bocor. tolong pak lurah perhatikan jalan kami",Jalan Rusak
"Warga Majalaya ngeluh Saluran air induk penuh belatung dan lalat hijau, dampaknya bikin lingkungan kumuh dan bau menyengat, mohon dinas lingkungan hidup turun tangan",Sampah/Banjir
"Lapor pak, Knalpot brong bising Cimenyan sering lempar batu dan botol kaca pengendara motor cewek takut lewat situ. tangkap dan tindak oknum preman meresahkan",Keamanan/Ketertiban
Sampah liar dibuang sembarangan bikin lingkungan jadi kumuh,Sampah/Banjir
"Parah banget Judi online slot sekitar Ciwidey nongkrong di pos ronda sambil nenggak ciu, warga jadi was-was dan ga tenang tolong segera ditindak",Keamanan/Ketertiban
"Warga Cicalengka ngeluh Banjir tahunan ga surut-surut udah 3 hari, dampaknya bau busuk kecium sampe radius 300 meter, mohon dinas lingkungan hidup turun tangan",Sampah/Banjir
"Genangan cileuncang di Kutawaringin mampet total gara-gara plastik dan sampah, bau busuk kecium sampe radius 300 meter, tolong armada truk sampah segera dateng",Sampah/Banjir
"Warga Ciparay ngeluh Jalan desa bolong dalem banget, dampaknya shockbreaker muntor jebol, plis dinas pupr seger aspal ulang",Jalan Rusak
"Paving block jalan di Manggahang penuh kubangan air, shockbreaker motor jebol, kapan mau ditambal min?",Jalan Rusak
"Pencairan dana bansos d kantor pos/bank d Cangkuang ada pemotongan dana sepihak oleh oknum RT/RW, uang bantuan berkurang banyak kepotong pungli, tolong verifikasi lapangan langsung ke rumah warga",Bansos
"Lapor pak, Warung miras ilegal Kopo maksa minta uang keamanan ke pedagang kecil banyak kehilangan motor dlm sepekan. mohon aparat keamanan segera bertindak tegas",Keamanan/Ketertiban
Min tolong Kali dekat pasar daerah Ibun tanggulnya rembes dan bocor sampe barang elektronik pada rusak kerendem,Sampah/Banjir
"Jalan poros di Bojongmalaka amblas separuh badan, bahaya bgt buat anak2 sekolah, minta tolong segera di hotmix",Jalan Rusak
"Warga Paseh ngeluh Pemuda mabuk-mabukan maksa minta uang keamanan k pedagang kecil, dampaknya pedagang kecil rugi diperas terus, tangkap dan tindak oknum preman meresahkan",Keamanan/Ketertiban
"Lapor pak, Judi online slot Pangalengan bikin suara bising ga bisa tidur tiap malam banyak kehilangan muntor dlm sepekan. plis pos kamling diaktifkan lagi",Keamanan/Ketertiban
"tangkap dan tindak oknum preman meresahkan, Geng muntor ugal-ugalan di Cimenyan udah nyolong barang warga secara beruntun bikin pengendara muntor cewek takut lewat situ",Keamanan/Ketertiban
"Jalan di komplek udh 3thn ga diaspal ulang, rusak parah semua",Jalan Rusak
"Genangan cileuncang di Soreang bikin bau comberan masuk ke kamar, mtr mogok massal pas nekat nerobos, dinas kebersihan tolong angkut sampahnya",Sampah/Banjir
"Parah banget Jalan raya sekitar Dayeuhkolot licin dan banyak kerikil tajam, bikin debu tebel kalo panas plis segera ditindak",Jalan Rusak
"tolong secepatnya di perbaiki min, Trotoar di Ibun udah aspalnya udah ngelupas abis bikin shockbreaker mtr jebol",Jalan Rusak
"Got di depan rumah saya mampet sampah, airnya meluap ke jalan",Sampah/Banjir
"tolong pak camat segera tinjau lokasi, Tempat penampungan sampah d Banjaran udah penuh belatung dan lalat hijau bikin akses jalan lumpuh total ga bsa lewat motor",Sampah/Banjir
"Warga Ciwidey ngeluh Tempat penampungan sampah ga surut-surut udah 3 hari, dampaknya bau busuk kecium sampe radius 300 meter, tolong buatin tanggu darurat pa kades",Sampah/Banjir
Sampah dari pasar dibuang ke kali bikin airnya makin item,Sampah/Banjir
"Warga Soreang ngeluh Jalan komplek aspalnya udah ngelupas abis, dampaknya warga was2 tiap lewat apalagi pas ujan, mohon pak bupati gercep benerinn",Jalan Rusak
"Lapor pak, Bantuan santunan lansia Banjaran udah 3 bulan belum cair tanpa penjelasan anak yatim ga bs beli perlengkapan sekolah. plis verifikasi lapangan langsung ke rumah warga",Bansos
"Lapor pak, Jalan dekat pasar Cibiru penuh kubangan air bikin motor sering jatoh tiap malem. tlg secepatnya di perbaiki min",Jalan Rusak
"Parah banget Drainase pemukiman sekitar Kutawaringin lumpur sedimennya udah tebel bgt, akses jalan lumpuh total ga bisa lewat motor tolong segera ditindak",Sampah/Banjir
"Pencairan dana bansos d kantor pos/bank d Cilengkrang proses birokrasinya dipersulit petugas kelurahan, warga miskin beneran cuma bsa gigit jari, plis bantu proses pencairan kartu saya min",Bansos
"Kartu Indonesia Sehat saya bermasalah, ga bisa dipake di puskesmas",Bansos
"mohon pasang lampu jalan dan cctv di titik rawan, Warung miras ilegal di Bojongsoang udah berkeliaran bawa senjata tajam / cerulit bikin banyak kehilangan mtr dlm sepekan",Keamanan/Ketertiban
"Kartu Keluarga Sejahtera (KKS) di Kutawaringin udah 3 bulan belum cair tanpa penjelasan, warga sakit ga bsa berobat krn KIS dinonaktifkan, mohon kades/lurah tindak tegas oknum yg motong",Bansos
Anak sekolah sering diganggu preman di jalan pulang sekolah,Keamanan/Ketertiban
"Para banget Warung miras ilegal sekitar Ciganitri makin marak dan meresahkan warga, warga jadi was-was dan ga tenang tolong segera ditindak",Keamanan/Ketertiban
"Lapor pak, Warung miras ilegal Sapan sering lempar batu dan botol kaca lingkungan jadi rawan kriminal. mohon pasang lampu jalan dan cctv di titik rawan",Keamanan/Ketertiban
"Warga Cimenyan ngeluh Geng motor ugal-ugalan neror anak-anak sekolah pas pulang, dampakny anak balita kaget nangis kebangun, mohon pasang lampu jalan dan cctv di titik rawan",Keamanan/Ketertiban
"Jalan alternatif di Cangkuang berlubang parah, mobil ceper sering mentok, pliss segera di tindaklanjuti pa",Jalan Rusak
Min tolong Aksi tawuran remaja daerah Pangalengan nyolong barang warga secara beruntun sampe lingkungan jadi rawan kriminal,Keamanan/Ketertiban
"Warga Banjaran ngeluh Geng motor ugal-ugalan terjadi terus tiap mlm minggu, dampaknya korban mengalami luka sabetan sajam, tolong polres dan polsek rutin patroli mlm",Keamanan/Ketertiban
"Lapor pak, Tumpukan sampah liar Gedebage lumpur sedimennya udah tebel bgt warga terpaksa ngungsi ke mushola. tlg armada truk sampah segera dateng",Sampah/Banjir
"Min tolong Bansos PKH dan BPNT daerah Pangalengan kualitas beras berkutu, apek dan hancur sampe lansia kurang mampu kesulitan beli beras",Bansos
"Parah banget Bantuan modal UMKM sekitar Dayeuhkolot kualitas beras berkutu, apek dan hancur, anak yatim ga bsa beli perlengkapan sekolah tlg segera ditindak",Bansos
"Banjir tiap hujan deras di perumahan Bojongsoang, air masuk rumah",Sampah/Banjir
"Warga Pameungpeuk ngeluh Paving block jalan bolong dalem banget, dampaknya warga was2 tiap lewat apalagi pas ujan, tolong pak lurah perhatikan jalan kami",Jalan Rusak
"Data Terpadu Kesejahteraan Sosial (DTKS) di Soreang salah sasaran yg mampu dan bermobil malah dapet, korban PHK ga dapet perhatian sama sekali, tolong usut tuntas pungli bantuan sosial ini",Bansos
"mohon penyaluran bansos dilakukan secara transparan, Kartu Keluarga Sejahtera (KKS) di Cangkuang udah udah 3 bulan belum cair tanpa penjelasan bikin korban PHK ga dapet perhatia sama sekali",Bansos
Air got item dan bau menyengat di deket pasar tradisional,Sampah/Banjir
"Warga Margahayuu ngeluh Tempat penampungan sampah penuh belatung dan lalat hijau, dampaknya banyak nyamuk DBD, tolong keruk selokan min",Sampah/Banjir
"kapan mau ditambal min?, Jalan dekat pasar di Dayeuhkolot udah retak-retak parah bikin pemotor sering kaget ngerem mendadak",Jalan Rusak
"Sampah rumah tangga di Pameungpeuk penuh sampah kasur dan plastik, warga terpaksa ngungsi ke mushola, mohon dinas lingkungan hidup turun tangan",Sampah/Banjir
"Parah banget Jalan komplek sekitar Kopo bolong dalem banget, bikinn velg muntor peang dan ban bocor tolong segera ditindak",Jalan Rusak
"tolong polres dan polsek rutin patroli mlem, Pencurian rmh kosong d Arjasari udah nyolong barang warga secara beruntun bikin warga takut keluar rmh malem hari",Keamanan/Ketertiban
"Pintu air d Paseh baunya nusuk hidung bikin enek, banyak nyamuk DBD, tolong pak camat segera tinjau lokasi",Sampah/Banjir
"Lapor pak, Geng muntor ugal-ugalan Baleendah neror anak-anak sekolah pas pulang warga jadi was-was dan ga tenang. mohon aparat keamanan segera bertindak tegas",Keamanan/Ketertiban
"Sungai Citarum penuh sampah plastik, airnya item dan bau",Sampah/Banjir
"Lapor pak, Bantuan santunan lansia Kopo udah 3 bulan belum cair tanpaa penjelasan warga miskin beneran cuma bsa gigit jari. plis verifikasi lapangan langsung ke rmh warga",Bansos
"Lapor pak, Pencairan dana bansos di kantor pos/bank Bojongsoang keluarga dan timses kades diprioritaskan anak yatim ga bisa beli perlengkapan sekolah. mohon kades/lurah tindak tegas oknum yg motong",Bansos
"Parah bngt Sound horeg hajatan sekitar Ibun maksa minta uang keamanan ke pedagang kecil, lingkungan jadi rawan kriminal tolong segera ditindak",Keamanan/Ketertiban
"Warga yang sudah meninggal masih terdaftar dapat bansos, yang butuh malah engga",Bansos
Min tolong Penyaluran beras bansos daerah Cangkuang nama dicoret tiba-tiba padahal miskin sampe warga miskin beneran cuma bs gigit jari,Bansos
"Parah banget Jalur tanjakan sekitar Kopo retak-retak parah, pemotor sering kaget ngerem mendadak tolong segera ditindak",Jalan Rusak
Min plis Maling jemuran dan gas lpg daerah Cibaduyut sering lempar batu dan botol kaca sampe pengendara motor cewek takut lewat situ,Keamanan/Ketertiban
"butuh perahu karet buat evakuasi warga, Genangan cileuncang d Paseh udah mampet total gara-gara plastik dan sampah bikin bikin lingkungan kumuh dan bau menyengat",Sampah/Banjir
Min tolong Jalan desa daerah Margahayu rusak parah abis dilewatin truk sampe shockbreaker motor jebol,Jalan Rusak
"Lapor pak, Paving block jalan Nagreg banyak jeglongan sewu shockbreaker motor jebol. jangan nunggu ada korban jiwa baru dibenerin",Jalan Rusak
"Sungai/kali di Cibiru lumpur sedimennya udah tebel bgt, akses jalan lumpuh total ga bisa lewat muntor, tolong keruk selokan min",Sampah/Banjir
Tanjakan jalan di daerah pegunungan retak dan longsor sedikit,Jalan Rusak
"Warga Rancamanyar ngeluh Preman pasar beraksi pas subuh warga lagi sholat, dampaknya warga takut keluar rumah malem hari, tangkap dan tindak oknum preman meresahkan",Keamanan/Ketertiban
"tolong buatin tanggul darurat pa kades, Tempat penampungan sampah d Bojongmalaka udah bikin bau comberan masuk ke kamar bikin motor mogok massal pas nekat nerobos",Sampah/Banjir
"Parah bgt Kali dekat pasar sekitar Cikoneng penuh belatung dan lalat hijau, akses jalan lumpuh total ga bs lewat motor plis segera ditindak",Sampah/Banjir
"Parah bgt Air selokan sekitar Tegalluar mampet total gara-gara plastik dan sampah, bau busuk kecium sampe radius 300 meter tolong segera ditindak",Sampah/Banjir
"Lapor pak, Jalur tanjaka Pameungpeuk aspalnya udah ngelupas abis bahaya bgt buat anak2 sekolah. minta tolong segera di hotmix",Jalan Rusak
"Lapor pak, Jalan alternatif Ciparay licin dan banyak kerikil tajam bikin macet parah tiap pagi. pliss segera d tindaklanjuti pa",Jalan Rusak
"Parah bngt Tempat penampungan sampah sekitar Katapang menggunung udah berminggu-minggu ga diangkut, barang elektronik pada rusak kerendem tolong segera ditindak",Sampah/Banjir
"Parah banget Geng motor ugal-ugalan sekitar Cileunyi beraksi pas subuh warga lagi sholat, korban mengalami luka sabetan sajam tolong segera ditindak",Keamanan/Ketertiban
Min plis Sampah di TPS daerahh Ciparay penuh sampah kasur dan plastik sampe akses jalan lumpuh total ga bisa lewat motor,Sampah/Banjir
"Warga Baleendah ngeluh Gorong-gorong ga surut-surut udah 3 hari, dampaknya akses jalan lumpuh total ga bs lewat motor, tlg pak camat segera tinjau lokasi",Sampah/Banjir
"Warga Kutawaringin ngeluh Preman pasar berkeliaran bawa senjata tajam / cerulit, dampaknya warga jadi was-was dan ga tenang, tolong polres dan polsek rutin patroli mlm",Keamanan/Ketertiban
"Warga Baleendah ngeluh Jln protokol penuh kubangan air, dampaknya udh brp kali ada korban kecelakaan, jangan nunggu ada korban jiwa baru dibenerin",Jalan Rusak
Min tolong Jala utama daerah Ujungberung retak-retak parah sampe mobil ceper sering mentok,Jalan Rusak
"Lapor pak, Sungai/kali Tegalluar tanggulnya rembes dan bocor bau busuk kecium sampe radius 300 meter. tolong armada truk sampah segera dateng",Sampah/Banjir
"Parah bange Jalan utama sekitar Katapang amblas separuh badan, bahaya bgt buat anak2 sekolah tlg segera ditindak",Jalan Rusak
"Parah banget Gorong-gorong sekitar Cibiru lumpur sedimennya udah tebel bgt, bau busuk kecium sampe radius 300 meter tolong segera ditindak",Sampah/Banjir
"Parah bgt Data Terpadu Kesejahteraan Sosial (DTKS) sekitar Arjasari kualitas beras berkutu, apek dan hancur, lansia kurang mampu kesulitan beli beras tolong segera ditindak",Bansos
Kebisingan dari knalpot brong tiap malam ganggu warga yang mau istirahat,Keamanan/Ketertiban
"Warga Sukamenak ngeluh Pencairan dana bansos di kantor pos/bank ada pemotongan dana sepihak oleh oknum RT/RW, dampaknya korban PHK ga dapet perhatian sama sekali, mohon kades/lurah tindak tegas oknum yg motong",Bansos
"tolong bantu proses pencairan kartu sy min, Bantuan bedah rumah rutilahu d Ibun udah kualitas beras berkutu, apek dan hancur bikin warga sakit ga bisa berobat krn KIS dinonaktifkan",Bansos
"Lapor pak, Aksi tawuran remaja Pangalengan makin marak dan meresahkan warga banyak kehilangan muntor dlm sepekan. mohon aparat keamana segera bertindak tegas",Keamanan/Ketertiban
"Pintu air di Tegalluar penuh belatung dan lalat hijau, bikin warga gatal-gatal dan batuk, tlong keruk selokan min",Sampah/Banjir
"Warga Margahayu ngeluh Air selokan baunya nusuk hidung bikin enek, dampaknya barang elektronik pada rusak kerendem, mohon dinas lingkungan hidup turun tangan",Sampah/Banjir
"mohon penyaluran bansos dilakukan secara transparan, Kartu Sembako Murah di Cikoneng udah saldo di kartu e-warong kosong melompong bikin uang bantuan berkurang banyak kepotong pungli",Bansos
Min tolong Bantuan santunan lansia daerah Cikoneng proses birokrasinya dipersulit petugas kelurahan sampe uang bantuan berkurang banya kepotong pungli,Bansos
Min tlg Pintu air daerah Dayeuhkolot merendam rumah warga setinggi paha sampe banyak nyamuk DBD,Sampah/Banjir
"Jalan gang di Banjaran ancur lebur, warga was2 tiap lewat apalagii pas ujan, minta tolong segera di hotmix",Jalan Rusak
"minta bantuan pompa air sedot banjir min, Saluran air induk d Sukamenak udah tanggulnya rembes dan bocor bikin warga terpaksa ngungsi k mushola",Sampah/Banjir
"Warga Soreang ngeluh Sungai/kali ga surut-surut udah 3 hari, dampaknya anak sekolah ga bisa lewat, tolong pak camat segera tinjau lokasi",Sampah/Banjir
Jalan bergelombang di Soreang bikin motor ga stabil pas lewat,Jalan Rusak
Banjir bandang kecil di Ciwidey abis hujan deras semalaman,Sampah/Banjir
"Warga Ciwidey ngeluh Knalpot brong bising beraksi pas subuh warga lagi sholat, dampaknya anak balita kaget nangis kebangun, mohon pasang lampu jalan dan cctv di titik rawan",Keamanan/Ketertiban
"Warga Baleendah ngeluh Genangan cileuncang mampet total gara-gara plastik dan sampah, dampaknya bikin lingkungan kumuh dan bau menyengat, mohon dinas lingkungan hidup turun tangan",Sampah/Banjir
"Lapor pak, Kartu Sembako Murah Cikoneng keluarga dan timses kades diprioritaskan korban PHK ga dapet perhatian sama sekali. mohon penyaluran bansos dilakukan secara transparan",Bansos
Min tolong Bansos PKH dan BPNT daerah Cimenyan aplikasi pendaftaran bansos error dan gbs login sampe korban PHK ga dapet perhatian sama sekali,Bansos
Min tolong Kartu Sembako Murah daerah Banjaran nama dicoret tiba-tiba padahal miskin sampe uang bantuan berkurang banyak kepotong pungli,Bansos
"Parah bgt Akses jalan masuk sekitar Arjasari rusak berat gak dibenerin, bikin debu tebel kalo panas tolong segera ditindak",Jalan Rusak
"Lapor pak, Gorong-gorong Pasirjambu airnya item pekat dan berbau busuk akses jalan lumpuh total ga bisa lewat muntor. tolong buatin tanggul darurat pa kades",Sampah/Banjir
Preman sering minta uang paksa ke pedagang pasar tiap pagi,Keamanan/Ketertiban
"Aspal jalan d Majalaya licin dan banyak kerikil tajam, shockbreaker muntor jebol, min tlong sampaikan ke dinas terkait",Jalan Rusak
"Warga Rancamanyar ngeluh Jln protokol rusak kena kikis air comberan, dampaknya pemotor sering kaget ngerem mendadak, tolong dinas pupr segera aspal ulang",Jalan Rusak
"plis dinas sosial audit ulang data penerima, Pencairan dana bansos d kantor pos/bank d Pangalengan udah saldo d kartu e-warong kosong melompong bikin anak yatim ga bs beli perlengkapan sekolah",Bansos
"Warga Pasirjambu ngeluh Jalan alternatif licin dan banyak kerikil tajam, dampaknya bikin velg motor peang dan ban bocor, tolong dinas pupr segera aspal ulang",Jalan Rusak
"Parah banget Jalan raya sekitar Cibaduyut rusak kena kikis air comberan, mobil ceper sering mentok tolong segera ditindak",Jalan Rusak
Min tlong Trotoar daerah Rancamanyar berlubang parah sampe bikin muntor sering jatoh tiap malem,Jalan Rusak
"Parah banget Bansos PKH dan BPNT sekitar Rancamanyar warga difabel/lansia terlewat ga didata, warga ngeluh ga ada transparansi plis segera ditindak",Bansos
"Gorong-gorong di Pasirjambu meluap ke jalan tiap ujan lebat, bikin warga gatal-gatal dan batuk, minta bantuan pompa air sedot banjir min",Sampah/Banjir
Min plis Jalan alternatif daerah Gedebage penuh kubangan air sampe mobil ceper sering mentok,Jalan Rusak
"Lapor pak, Geng mtr ugal-ugalan Rancamanyar berkeliaran bawa senjata tajam / cerulit lingkungan jadi rawan kriminal. tolong polres dan polsek rutin patroli mlm",Keamanan/Ketertiban
"Jembatan kecil d Rancamanyar amblas separuh badan, bikin debu tebel kalo panas, tlong pak lurah perhatikan jalan kami",Jalan Rusak
"tolong bantu proses pencairan kartu sy min, Kartu Sembako Murah di Solokan Jeruk udah udah 3 bulan belum cair tanpa penjelasan bikin korban PHK ga dapet perhatian sama sekali",Bansos
Jalan berlubang di dekat SDN 1 Cileunyi bahaya buat anak-anak sekolah,Jalan Rusak
Min tolong Saluran air induk daerah Solokann Jeruk tanggulnya rembes dan bocor sampe anak sekolah ga bsa lewat,Sampah/Banjir
"Lapor pak, Balap liar tengah malam Kutawaringin bikin suara bising ga bsa tidur tiap malam pedagang kecil rugi diperas terus. mohon pasang lampu jalan dan cctv di titik rawan",Keamanan/Ketertiban
"Para bgt Sampah rmh tangga sekitar Cangkuang mampet total gara-gara plastik dan sampah, barang elektronik pada rusak kerendem tolong segera ditindak",Sampah/Banjir
"Bantuan Langsung Tunai (BLT) d Ujungberung kualitas beras berkutu, apek dan hancur, warga miskin beneran cuma bisa gigit jari, mohon kades/lurah tindak tegas oknum yg motong",Bansos
"Lapor pak, Sungai/kali Kutawaringin lumpur sedimennya udah tebel bgt warga terpaksa ngungsi ke mushola. dinas kebersihan tolong angkut sampahnya",Sampah/Banjir
Min tolong Data Terpadu Kesejahteraan Sosial (DTKS) daerah Sukamenak nama dicoret tiba-tiba padahal miskin sampe lansia kurang mampu kesulitan beli beras,Bansos
"Aspal jalan d Ujungberung penuh kubangan air, bahaya bgt buat anak2 sekolah, minta plis segera d hotmix",Jalan Rusak
"Got depan rumah warga d Cangkuang penuh belatung dan lalat hijau, bau busuk kecium sampe radius 300 meter, tolong keruk selokan min",Sampah/Banjir
"Parah banget Kartu Keluarga Sejahtera (KKS) sekitar Rancaekek ada pemotongan dana sepihak oleh oknum RT/RW, warga sakit ga bs berobat krn KIS dinonaktifkan tolong segera ditindak",Bansos
"Lapor pak, Sampah rmh tangga Cangkuang meluap k jalan tiap ujan lebat warga terpaksa ngungsi k mushola. minta bantuan pompa air sedot banjir min",Sampah/Banjir
"Warga Nagregg ngeluh Jembatan kecil rusak berat gak dibenerin, dampaknya shockbreaker mtr jebol, tlg dinas pupr segera aspal ulang",Jalan Rusak
"Warga Ciganitri ngeluh Kartu Keluarga Sejahtera (KKS) saldo di kartu e-warong kosong melompong, dampaknya warga sakit ga bisa berobat krn KIS dinonaktifkan, tolong bantu proses pencairan kartu sy min",Bansos
"Parah banget Kartu Indonesia Sehat (KIS PBI) sekitar Dayeuhkolot kualitas beras berkutu, apek dan hancur, korban PHK ga dapet perhatian sama sekali tolong segera ditindak",Bansos
"Parah banget Air selokan sekitar Cileunyi bikin bau comberan masuk ke kamar, bau busuk kecium sampe radius 300 meter plis segera ditindak",Sampah/Banjir
"Lapor pak, Bantuan bedah rumah rutilahu Rancaekek warga difabel/lansia terlewat ga didata warga ngeluh ga ada transparansi. mohon kades/lurah tindak tegas oknum yg motong",Bansos
Jalan desa menuju Ciparay rusak berat sudah setahun ga diperbaiki,Jalan Rusak
Min plis Pintu air daerah Rancaekek baunya nusuk hidung bikin enek sampe bikin lingkungan kumuh dan bau menyengat,Sampah/Banjir
"Parah bgt Pemuda mabuk-mabukan sekitar Cilengkrang beraksi pas subuh warga lagi sholat, anak balita kaget nangis kebangun tolong segera ditindak",Keamanan/Ketertiban
Min tolong Kali dekat pasar daerah Kutawaringin tanggulnya rembes dan bocor sampe bikin lingkungan kumuh dan bau menyengat,Sampah/Banjir
Sungai kecil deket rumah penuh sampah plastik dan popok bekas,Sampah/Banjir
"Lapor pak, Sound horeg hajatan Cimenyan terjadi terus tiap malam minggu anak balita kaget nangis kebangun. tangkap dan tindak oknum preman meresahkan",Keamanan/Ketertiban
Min tlong Sound horeg hajatan daerah Sukamenak sering lempar batu dan botol kaca sampe banyak kehilangan mtr dlm sepekan,Keamanan/Ketertiban
"Jalan dekat pasar di Pameungpeuk licin dan banyak kerikil tajam, udh brp kali ada korban kecelakaan, pliss segera di tindaklanjuti pa",Jalan Rusak
"Parah banget Knalpot brong bising sekitar Katapang beraksi pas subuh warga lagi sholat, warga jadi was-was dan ga tenang tlg segera ditindak",Keamanan/Ketertiban
"Warga Cibaduyut ngeluh Judi online slot makin marak dan meresahkan warga, dampaknya pedagang kecil rugi diperas terus, tlg pos kamling diaktifkan lagi",Keamanan/Ketertiban
Min plis Data Terpadu Kesejahteraan Sosial (DTKS) daerah Ibun proses birokrasinya dipersulit petugas kelurahan sampe lansia kurang mampu kesulitan beli beras,Bansos
"Kartu sembako murah saya ga bisa dipake, katanya data ga valid",Bansos
Min tolong Air selokan daerah Ciwidey airnya item pekat dan berbau busuk sampe bau busuk kecium sampe radius 300 meter,Sampah/Banjir
Min tolong Aksi curanmor daerah Ciwidey terjadi terus tiap mlem minggu samp korban mengalami luka sabetan sajam,Keamanan/Ketertiban
"Pemuda mabuk-mabukan di Cangkuang maksa minta uang keamanan ke pedagang kecil, banyak kehilangan muntor dlm sepekan, tangkap dan tindak oknum preman meresahkan",Keamanan/Ketertiban
"Parah bgt Pencairan dana bansos di kantor pos/bank sekitar Cikoneng salah sasaran yg mampu dan bermobil malah dapet, uang bantuan berkurang banyak kepotong pungli plis segera ditindak",Bansos
"Min tlg Penyaluran beras bansos daerah Banjaran kualitas beras berkutu, apek dan hancur sampe warga miskin beneran cuma bs gigit jari",Bansos
"mohon dinas lingkungan hidup turun tangan, Saluran air induk di Katapang udah merendam rumah warga setinggi paha bikin warga terpaksa ngungsi ke mushola",Sampah/Banjir
"Parah bngt Got depan rumah warga sekitar Pangalengan merendam rumah warga setinggi paha, banyak nyamuk DBD tolong segera ditindak",Sampah/Banjir
Min tolong Kartu Sembako Murah daerah Sapan proses birokrasinya dipersulit petugas kelurahan sampe warga sakit ga bs berobat krn KIS dinonaktifkan,Bansos
"Lapor pak, Akses jalan masuk Manggahang banyak jeglongan sewu udh brp kali ada korban kecelakaan. pliss segera di tindaklanjuti pa",Jalan Rusak
Min tlon Kartu Sembako Murah daerah Ciparay nama dicoret tiba-tiba padahal miskin sampe warga ngeluh ga ada transparansi,Bansos
"Parah banget Akses jalan masuk sekitar Ciparay licin dan banyak kerikil tajam, pemotor sering kaget ngerem mendadak plis segera ditindak",Jalan Rusak
"Jalan raya di Cikoneng licin dan banyak kerikil tajam, shockbreaker motor jebol, kapan mau ditambal min?",Jalan Rusak
"Warga Cicalengka ngeluh Jln protokol rusak kena kikis air comberan, dampaknya mobil ceper sering mentok, tolong secepatnya di perbaiki min",Jalan Rusak
"Saluran air induk di Cibiru mampet total gara-gara plastik dan sampah, barang elektronik pada rusak kerendem, tolong pak camat segera tinjau lokasi",Sampah/Banjir
"Lapor pak, Aksi begal bersenjata Majalaya neror anak-anak sekolah pas pulang warga takut keluar rmh malem hari. tolong polres dan polsek rutin patroli mlm",Keamanan/Ketertiban
"Lapor pak, Sungai/kali Paseh menggunung udah berminggu-minggu ga diangkut barang elektroni pada rusak kerendem. tolong pak camat segera tinjau lokasi",Sampah/Banjir
"Lapor pak, Jalan gang Cileunyi rusak kena kikis air comberan warga was2 tiap lewat apalagi pas ujan. minta plis segera di hotmix",Jalan Rusak
"Judi online slot d Cibiru neror anak-anak sekolah pas pulang, pedagang kecil rugi diperas terus, tangkap dan tindak oknum preman meresahkan",Keamanan/Ketertiban
"Warga Rancaekek ngeluh Kali dekat pasar penuh sampah kasur dan plastik, dampaknya motor mogok massal pas nekat nerobos, plis keruk selokan min",Sampah/Banjir
"Lapor pak, Pencairan dana bansos di kantor pos/bank Cileunyi warga difabel/lansia terlewat ga didata korban PHK ga dapet perhatian sama sekali. tolong dinas sosial audit ulang data penerima",Bansos
Min plis Sampah d TPS daerah Cileunyi meluap ke jalan tiap ujan lebat sampe bikin warga gatal-gatal dan batuk,Sampah/Banjir
"Aksi curanmor d Ciganitri neror anak-anak sekolah pas pulang, anak balita kaget nangis kebangun, tlong polres dan polsek rutin patroli malam",Keamanan/Ketertiban
"Lapor pak, Genangan cileuncang Sukamenak ga surut-surut udah 3 hari bikin lingkungan kumuh dan bau menyengat. butuh perahu karet buat evakuasi warga",Sampah/Banjir
"mohon pasang lampu jalan dan cctv di titik rawan, Pemuda mabuk-mabukan di Rancaekek udah berkeliaran bawa senjata tajam / cerulit bikin banyak kehilangan muntor dlm sepekan",Keamanan/Ketertiban
Min tolong Saluran air induk daerah Pameungpeuk merendam rmh warga setinggi paha sampe anak sekolah ga bs lewat,Sampah/Banjir
Min tolong Tumpukan sampah liar daerah Manggahang mampet total gara-gara plastik dan sampah sampe bikin warga gatal-gatal dan batuk,Sampah/Banjir
"Jalan di Dayeuhkolot berlubang parah, motor sering kejeblos pas malam hari",Jalan Rusak
"Parah banget Sampah rumah tangga sekitar Solokan Jeruk bikin bau comberan masuk ke kamar, barang elektronik pada rusak kerendem tolong segera ditindak",Sampah/Banjir
"Kartu Keluarga Sejahtera (KKS) d Soreang udah 3 bulan belum cair tanpa penjelasan, korban PHK ga dapet perhatian sama sekali, mohon kades/lurah tindak tegas oknum yg motong",Bansos
"butuh perahu karet buat evakuasi warga, Air selokan di Rancamanyar udah menggunung udah berminggu-minggu ga diangkut bikin warga terpaksa ngungsi k mushola",Sampah/Banjir
"Lapor pak, Sound horeg hajatan Cibaduyut makin marak dan meresahkan warga warga jadi was-was dan ga tenang. tangkap dan tindak oknum preman meresahkan",Keamanan/Ketertiban
"Warga Ciwidey ngeluh Sound horeg hajatan bikin suara bising ga bs tidur tiap malam, dampaknya korban mengalami luka sabetan sajam, tangkap dan tindak oknum preman meresahkan",Keamanan/Ketertiban
"Lapor pak, Jalan alternatif Cibiru aspal hotmix nya ngelotok mobil ceper sering mentok. tolong secepatnya di perbaiki min",Jalan Rusak
Min tlong Saluran air induk daerah Kopo merendam rmh warga setinggi paha sampe mtr mogok massal pas nekat nerobos,Sampah/Banjir
"Parah banget Jalan utama sekitar Pangalengan bergelombang bikin oleng, pemotor sering kaget ngerem mendadak tlg segera ditindak",Jalan Rusak
Bantuan pendidikan buat anak yatim di desa saya belum turun,Bansos
"Parah bgt Genangan cileuncang sekitar Cimenyan tanggulnya rembess dan bocor, anak sekolah ga bs lewat tolong segera ditindak",Sampah/Banjir
"Warga Rancaekek ngeluh Tikungan jalan retak-retak parah, dampaknya warga was2 tiap lewat apalagi pas ujan, tolong dinas pupr segera aspal ulang",Jalan Rusak
"Parah banget Data Terpadu Kesejahteraan Sosial (DTKS) sekitar Majalaya keluarga dan timses kades diprioritaskan, korban PHK ga dapet perhatian sama sekali tlg segera ditindak",Bansos
"Parah banget Jembatan kecil sekitar Manggahang rusak parah abis dilewatin truk, bikin macet parah tiap pagi tlong seger ditindak",Jalan Rusak
Min tolong Bantuan santunan lansia daerah Paseh salah sasaran yg mampu dan bermobil malah dapet sampe korban PHK ga dapet perhatian sama sekali,Bansos
"Kartu Sembako Murah di Cimenyan salah sasaran yg mampu dan bermobil malah dapet, anak yatim ga bisa beli perlengkapan sekolah, tlg verifikasi lapangan langsung ke rumah warga",Bansos
"Lapor pak, Jln protokol Cileunyi rusak parah abis dilewatin truk shockbreaker muntor jebol. minta plis segera d hotmix",Jalan Rusak
Min tolong Jalur tanjakan daerah Cibaduyut aspalnya udah ngelupas abis sampe warga was2 tiap lewat apalagi pas ujan,Jalan Rusak
Min tolong Jalan raya daerah Kopo aspalnya udah ngelupas abis sampe shockbreaker motor jebol,Jalan Rusak
Got mampet di Dayeuhkolot bikin air meluap ke jalan tiap hujan deras,Sampah/Banjir
"tlong dinas sosial audit ulang data penerima, Bantuan bedah rumah rutilahu di Bojongsoang udah saldo di kartu e-warong kosong melompong bikin warga sakit ga bisa berobat krn KIS dinonaktifkan",Bansos
"Air banjir masuk ke rumah warga, barang2 pada rusak kena air",Sampah/Banjir
"tlong verifikasi lapangan langsung ke rmh warga, Bantuan santunann lansia d Bojongmalaka udah warga difabel/lansia terlewat ga didata bikin warga ngeluh ga ada transparansi",Bansos
"Lapor pak, Tumpukan sampah liar Banjaran ga surut-surut udah 3 hari barang elektronik pada rusak kerendem. plis armada truk sampah segera dateng",Sampah/Banjir
"Lapor pak, Balap liar tengah malam Bojongsoang maksa minta uang keamanan ke pedagang kecil pengendara motor cewek takut lewat situ. mohon pasang lampu jalan dan cctv di titik rawan",Keamanan/Ketertiban
Bantuan untuk korban banjir belum juga disalurkan ke warga terdampak,Bansos
"tolong buatin tanggul darurat pa kades, Tumpukan sampah liar d Paseh udah mampet total gara-gara plastik dan sampah bikin banyak nyamuk DBD",Sampah/Banjir
Banjir kecil tapi sering banget kejadian di gang sempit ini,Sampah/Banjir
"Min tolong Bantuan santunan lansia daerah Sukamenak kualitas beras berkutu, apek dan hancur sampe uang bantuan berkurang banyak kepotong pungli",Bansos
Min tlg Jalan poros daerah Cibaduyut rusak kena kikis air comberan sampe bikin macet parah tiap pagi,Jalan Rusak
Jalan alternatif ke pasar becek dan penuh lubang susah dilewatin,Jalan Rusak
"Parah banget Got depan rumah warga sekitar Cibaduyut ga surut-surut udah 3 hari, bikin warga gatal-gatal dan batuk tolong segera ditindak",Sampah/Banjir
"Lapor pak, Jalan poros Margahayu rusak kena kikis air comberan bikin debu tebel kalo panas. mohon pak bupati gercep benerin",Jalan Rusak
"Pencairan dana bansos d kantor pos/bank d Rancamanyar warga difabel/lansia terlewat ga didata, warga sakit ga bsa berobat krn KIS dinonaktifkan, tolong dinas sosial audit ulang data penerima",Bansos
"Warga Majalay ngeluh Paving block jalan bolong dalem bgt, dampaknya bahaya bgt buat anak2 sekolah, min tolong sampaikan ke dinas terkait",Jalan Rusak
"tlg bantu proses pencairan kartu saya min, Data Terpadu Kesejahteraan Sosial (DTKS) di Cileunyi udah warga difabel/lansia terlewat ga didata bikin anak yatim ga bsa beli perlengkapan sekolah",Bansos
Min tlg Jalur tanjakan daerah Cilengkrang bolong dalem banget sampe bikin velg mtr peang dan ban bocor,Jalan Rusak
"tolong pak camat segera tinjau lokasi, Got depan rumah warga di Arjasari udah tanggulnya rembes dan bocor bikin banyak nyamuk DBD",Sampah/Banjir
Min tolong Data Terpadu Kesejahteraan Sosial (DTKS) daerah Soreang saldo d kartu e-warong kosong melompong sampe anak yatim ga bisa beli perlengkapan sekolah,Bansos
"Warga Rancaekek ngeluh Pungutan liar oknum nyolong barang warga secara beruntun, dampaknya warga jadi was-was dan ga tenang, mohon pasang lampu jalan dan cctv di titik rawan",Keamanan/Ketertiban
"Lapor pak, Genangan cileuncang Soreang menggunung udah berminggu-minggu ga diangkut bikin warga gatal-gatal dan batuk. butuh perahu karet buat evakuasi warga",Sampah/Banjir
"Warga Arjasari ngeluh Jalan desa rusak parah abis dilewatin truk, dampaknya bahaya bgt buat anak2 sekolah, kapan mau ditambal min?",Jalan Rusak
"mohon penyaluran bansos dilakukan secara transparan, Kartu Keluarga Sejahtera (KKS) di Arjasari udah salah sasaran yg mampu dan bermobil malah dapet bikin warga ngeluh ga ada transparansi",Bansos
"Lapor pak, Tempat penampungan sampah Majalaya ga surut-surut udah 3 hari bau busuk kecium sampe radius 300 meter. minta bantuan pompa air sedot banjir min",Sampah/Banjir
"Parah banget Jalan raya sekitar Kopo berlubang parah, bikin velg motor peang dan ban bocor tolong segera ditindak",Jalan Rusak
"Jalan alternatif d Rancaekek licin dan banyak kerikil tajam, bikin debu tebel kalo panas, min plis sampaikan ke dinas terkait",Jalan Rusak
"Bantuan santunan lansia di Cikoneng warga difabel/lansia terlewat ga didata, warga ngeluh ga ada transparansi, kemensos plis perbaik sistem data DTKS",Bansos
"Jembatan kecil d Cibiru aspalnya udah ngelupas abis, mobil ceper sering mentok, tolong pak lurah perhatikan jalan kami",Jalan Rusak
"Kartu Indonesia Sehat (KIS PBI) di Paseh saldo di kartu e-warong kosong melompong, warga ngeluh ga ada transparansi, tolong verifikasi lapangan langsung ke rmh warga",Bansos
"Parah banget Pemuda mabuk-mabukan sekitar Sapan berkeliaran bawa senjata tajam / cerulit, pedagang kecil rugi diperas terus tolong segera ditindak",Keamanan/Ketertiban
Petugas pendataan bansos jarang datang ke kampung kami yang terpencil,Bansos
"Jalan desa d Ciwidey licin dan banyak kerikil tajam, bikin macet parah tiap pagi, kapan mau ditambal min?",Jalan Rusak
Jalan utama menuju pasar tradisional rusak parah bikin pedagang susah kirim barang,Jalan Rusak
"Parah banget Jalan gang sekitar Cileunyi retak-retak parah, bahaya bgt buat anak2 sekolah plis segera ditindak",Jalan Rusak
"Warga Cibiru ngeluh Pencurian rmh kosong makin marak dan meresahkan warga, dampaknya warga jadi was-was dan ga tenang, tolong tertibkan balapp liar pak polisi",Keamanan/Ketertiban
Min tlong Sampahh rmh tangga daerah Cicalengka merendam rmh warga setinggi paha sampe bikin lingkungan kumuh dan bau menyengat,Sampah/Banjir
"Parah banget Aksi curanmor sekitar Majalaya beraksi pas subuh warga lagi sholat, pengendara motor cewek takut lewat situ tlong segera ditindak",Keamanan/Ketertiban
"Parah bgt Kartu Sembako Murah sekitar Baleendah kualitas beras berkutu, apek dan hancur, lansia kurang mampu kesulitan beli beras tolong segera ditindak",Bansos
"mohon penyaluran bansos dilakukan secara transparan, Data Terpadu Kesejahteraan Sosial (DTKS) d Nagreg udah udah 3 bulan belum cair tanp penjelasan bikin anak yatim ga bisa beli perlengkapan sekolah",Bansos
"Lapor pak, Tempat penampungan sampah Pasirjambu meluap ke jalan tiap ujan lebat warga terpaksa ngungsi ke mushola. plis keruk selokan min",Sampah/Banjir
"Warga Rancamanyar ngeluhh Tempat penampungan sampah ga surut-surut udah 3 hari, dampaknya bikin warga gatal-gatal dan batuk, tlong buatin tanggul darurat pa kades",Sampah/Banjir
"Jalan Pasirjambu longsor separuh badan jalan, warga was-was tiap lewat",Jalan Rusak
"Lapor pak, Pencurian rumah kosong Solokan Jeru beraksi pas subuh warga lagi sholat pengendara muntor cewek takut lewat situ. mohon aparat keamanan segera bertindak tegas",Keamanan/Ketertiban
"Parah banget Aksi curanmor sekitar Bojongsoang nongkrong di pos ronda sambil nenggak ciu, pedagang kecil rugi diperas terus tolong segera ditindak",Keamanan/Ketertiban
"Warga Baleendah ngeluh Preman pasar nyolong barang warga secara beruntun, dampaknya anak balita kaget nangis kebangun, tlong polres dan polsek rutin patroli malam",Keamanan/Ketertiban
"tolong verifikasi lapangan langsung ke rumah warga, Kartu Sembako Murah di Ciganitri udah keluarga dan timses kades diprioritaskan bikin korban PHK ga dapet perhatian sama sekali",Bansos
Min tolong Tempat penampungan sampah daerah Dayeuhkolot mampet total gara-gara plastik dan sampah sampe bikin warga gatal-gatal dan batuk,Sampah/Banjir
"Lapor pak, Aksi tawuran remaja Cicalengka berkeliaran bawa senjata tajam / cerulit korban mengalami luka sabetan sajam. mohon pasang lampu jalan dan cctv di titik rawan",Keamanan/Ketertiban
"Parah bngt Kartu Sembako Murah sekitar Margahayu salah sasaran yg mamp dan bermobil malah dapet, korban PHK ga dapet perhatian sama sekali tlong segera ditindak",Bansos
"Warga Gedebage ngeluh Genangan cileuncang bikin bau comberan masuk ke kamar, dampaknya barang elektronik pada rusak kerendem, minta bantuan pompa air sedot banjir min",Sampah/Banjir
"Parah banget Genangan cileuncang sekitar Sukamenak menggunung udah berminggu-minggu ga diangkut, banyak nyamuk DBD tolong segera ditindak",Sampah/Banjir
"Warga Cibaduyut ngeluh Jalur tanjakan retak-retak parah, dampaknya udh brp kali ada korban kecelakaan, pliss segera di tindaklanjuti pa",Jalan Rusak
"Lapor pak, Sound horeg hajatan Nagreg terjadi terus tiap malam minggu warga takut keluar rumah malem hari. mohon pasang lampu jalan dan cctv di titik rawan",Keamanan/Ketertiban
"Penyaluran beras bansos di Cibaduyut keluarga dan timses kades diprioritaskan, warga miskin beneran cuma bs gigit jari, tlong dinas sosial audit ulang data penerima",Bansos
"Kali dekat pasar di Katapan merendam rumah warga setinggi paha, bau busuk kecium sampe radius 300 meter, plis buatin tanggul darurat pa kades",Sampah/Banjir
"Gorong-gorong di Bojongmalaka merendam rumah warg setinggi paha, bikin warga gatal-gatal dan batuk, minta bantuan pompa air sedot banjir min",Sampah/Banjir
"Lapor pak, Preman pasar Tegalluar neror anak-anak sekolah pas pulang banyak kehilangan motor dlm sepekan. mohon pasang lampu jalan dan cctv d titik rawan",Keamanan/Ketertiban
"plis secepatnya d perbaiki min, Jalan raya d Cileunyi udah penuh kubangan air bikin bahaya bgt buat anak2 sekolah",Jalan Rusak
"Jalan Ibun rusak total abis longsor kemarin, warga kesulitan akses",Jalan Rusak
"Lapor pak, Penyaluran beras bansos Manggahang kualitas beras berkutu, apek dan hancur korban PHK ga dapet perhatian sama sekali. mohon penyaluran bansos dilakukan secara transparan",Bansos
"Pungutan liar oknum di Ibun nyolong barang warga secara beruntun, anak balita kaget nangis kebangun, tolong polres dan polsek rutin patroli malam",Keamanan/Ketertiban
"Warga Ibun ngeluh Genangan cileuncang bikin bau comberan masuk ke kamar, dampaknya bikin lingkungan kumuh dan bau menyengat, tolong armada truk sampah segera dateng",Sampah/Banjir
"Jalur tanjakan di Sukamenak rusak kena kikis air comberan, bikin velg motor pean dan ban bocor, pliss segera di tindaklanjuti pa",Jalan Rusak
Min plis Trotoar daerah Margahayu rusak kena kikis air comberan sampe bahaya bgt buat anak2 sekolah,Jalan Rusak
"Warga Paseh ngeluh Kartu Keluarga Sejahtera (KKS) warga difabel/lansia terlewat ga didata, dampaknya uang bantuan berkurang banyak kepotong pungli, tolong usut tuntas pungli bantuan sosial ini",Bansos
"Jln protokol di Kutawaringin bergelombang bikin oleng, udh brp kali ada korban kecelakaan, kapan mau ditambal min?",Jalan Rusak
"tolong pos kamling diaktifkan lagi, Pencurian rmh kosong di Cileunyi udah neror anak-anak sekolah pas pulang bikin banyak kehilangan mtr dlm sepekan",Keamanan/Ketertiban
Min tolong Tumpukan sampah liar daerah Ciparay menggunung udah berminggu-minggu ga diangkut sampe warga terpaksa ngungsi k mushola,Sampah/Banjir
"Parah bgt Knalpot brong bising sekitar Baleendah bikin suara bising ga bisa tidur tiap mlem, anak balita kaget nangis kebangun tolong segera ditindak",Keamanan/Ketertiban
"tlg verifikasi lapangan langsung k rmh warga, Data Terpadu Kesejahteraan Sosial (DTKS) di Nagreg udah saldo di kartu e-warong kosong melompong bikin warga sakit ga bsa berobat krn KIS dinonaktifkan",Bansos
"Warga Gedebage ngeluh Maling jemuran dan gas lpg neror anak-anak sekolah pas pulang, dampaknya warga takut keluar rumah malem hari, mohon aparat keamanan segera bertindak tegas",Keamanan/Ketertiban
Min tolong Aksi curanmor daerah Ciparay nyolong barang wargaa secara beruntun sampe pengendara motor cewek takut lewat situ,Keamanan/Ketertiban
Min tolong Pelecehan / catcalling daerah Cicalengka sering lempar batu dan botol kaca sampe warga jadi was-was dan ga tenang,Keamanan/Ketertiban
"Lapor pak, Banjir tahunan Cibaduyut lumpur sedimennya udah tebell bgt barang elektronik pada rusak kerendem. tolong keruk selokan min",Sampah/Banjir
"Warga Cilengkrang ngeluh Pungutan liar oknum maksa minta uang keamanan ke pedagang kecil, dampaknya anak balita kaget nangis kebangun, mohon pasang lampu jalan dan cctv di titik rawan",Keamanan/Ketertiban
"Parah bngt Knalpot brong bising sekitar Sukamenak makin marak dan meresahkan warga, lingkungan jadi rawan kriminal plis segera ditindak",Keamanan/Ketertiban
"Air selokan di Banjaran meluap ke jalan tiap ujan lebat, warga terpaksa ngungsi ke mushola, tolong buatin tanggul darurat pa kades",Sampah/Banjir
"Warga Baleendah ngeluh Saluran air induk lumpur sedimennya udah tebel bgt, dampaknya bikin lingkungan kumuh dan bau menyengat, dinas kebersihann tlg angkut sampahnya",Sampah/Banjir
"Preman pasar d Kopo terjadi terus tiap malam minggu, pengendara motor cewek takut lewat situ, min tlg sampaikan ke babinsa/bhabinkamtibmas",Keamanan/Ketertiban
Bantuan modal usaha UMKM yang dijanjikan belum cair juga,Bansos
"Parah banget Data Terpadu Kesejahteraan Sosial (DTKS) sekitar Bojongsoang nama dicoret tiba-tiba padahal miskin, warga sakit ga bisa berobat krn KIS dinonaktifkan tlong segera ditindak",Bansos
"Parah banget Got depan rmh warga sekitar Pameungpeuk merendam rmh warga setinggi paha, bikin lingkungan kumuh dan bau menyengat tolong segera ditindak",Sampah/Banjir
"Sampah d TPS d Majalayaa airnya item pekat dan berbau busuk, warga terpaksa ngungsi ke mushola, butuh perahu karet buat evakuasi warga",Sampah/Banjir
"Parah bgt Jalan utama sekitar Margahayu aspal hotmix nya ngelotok, bahaya bgt buat anak2 sekolah tolong segera ditindak",Jalan Rusak
"Warga Kopo ngeluh Bantuan bedah rumah rutilahu salah sasaran yg mampu dan bermobil malah dapet, dampaknya warga miskin beneran cuma bisa gigit jari, plis verifikasi lapangan langsung k rumah warga",Bansos
"Warga Ujungberung ngeluh Pencurian rumah kosong berkeliaran bawa senjata tajam / cerulit, dampaknya pedagang kecil rugi diperas terus, mohon pasang lampu jalan dan cctv di titik rawan",Keamanan/Ketertiban
"tolong buatin tanggul darurat pa kades, Pintu air d Bojongmalaka udah airnya item pekat dan berbauu busuk bikin barang elektronik pada rusak kerendem",Sampah/Banjir
Ada warga mampu yang tetap dapat bansos padahal harusnya digantikan,Bansos
Ada laporan penculikan anak yang beredar bikin warga panik,Keamanan/Ketertiban
"kapan mau ditambal min?, Jalan desa di Kopo udah retak-retak parah bikin udh brp kali ada korban kecelakaa",Jalan Rusak
"Banjir tahunan di Cangkuang tanggulnya rembes dan bocor, bikin lingkungan kumuh dan bau menyengat, tlg buatin tanggul darurat pa kades",Sampah/Banjir
Warga resah karena tawuran remaja tiap malam minggu di lapangan,Keamanan/Ketertiban
Pencurian di rumah kosong marak akhir-akhir ini di kompleks kami,Keamanan/Ketertiban
"Lapor pak, Trotoar Nagreg rusak kena kikis air comberan bikin debu tebel kalo panas. pliss segera d tindaklanjuti pa",Jalan Rusak
"tlg usut tuntas pungli bantuan sosial ini, Bantuan modal UMKM d Ciganitri udah keluarga dan timses kades diprioritaskan bikin warga miskin beneran cuma bisa gigit jari",Bansos
"Gorong-gorong di Majalaya lumpur sedimennya udah tebel bgt, akses jalan lumpuh total ga bisa lewat mtr, mohon dinas lingkungan hidup turun tangan",Sampah/Banjir
"Parah bngt Aksi tawuran remaja sekitar Ibun maksa minta uang keamanan k pedagang kecil, anak balita kaget nangis kebangun plis segera ditindak",Keamanan/Ketertiban
Warga baru pindah domisili susah banget urus bansos di sini,Bansos
"tlg bantu proses pencairan kartu saya min, Bantuan Langsung Tunai (BLT) di Cangkuang udah proses birokrasinya dipersulit petugas kelurahan bikin lansia kurang mampu kesulitan beli beras",Bansos
"Jalan utama Cicalengka penuh lubang, tiap ujan jadi kolam dadakan",Jalan Rusak
"Parah bgt Sungai/kali sekitar Ibun airnya item pekat dan berbau busuk, bikin warga gatal-gatal dan batuk tlong segera ditindak",Sampah/Banjir
"Geng muntor ugal-ugalan di Nagreg sering lempar batu dan botol kaca, warga takut keluar rumah malem hari, mohon aparat keamanan segera bertindak tegas",Keamanan/Ketertiban
Min tolong Air selokan daerah Pasirjambu tanggulnya rembes dan bocor sampe warga terpaksa ngungsi ke mushola,Sampah/Banjir
"Motor saya kena lubang jalan sampe pelek nya penyok, tolong diperbaiki",Jalan Rusak
"Lapor pak, Jalan desa Cibaduyut licin dan banyak kerikil tajam bikin macet parah tiap pagi. tlg dinas pupr segera aspal ulang",Jalan Rusak
Min tlong Air selokan daerah Ciparay tanggulnya rembes dan bocor sampe barang elektronik pada rusak kerendem,Sampah/Banjir
"Lapor pak, Tumpukan sampah liar Pameungpeuk penuh sampah kasur dan plastik warga terpaksa ngungsi ke mushola. butuh perahu karet buat evakuasi warga",Sampah/Banjir
"Warga Bojongsoang ngeluh Jalan komplek retak-retak parah, dampaknya angkot ga mau lewat situ lg, jangan nunggu ada korban jiwa baru dibenerin",Jalan Rusak
"tolong polres dan polsek rutin patroli malam, Maling jemuran dan gas lpg d Pangalengan udah bikin suara bising ga bisa tidur tiap malam bikin warga jadi was-was dan ga tenang",Keamanan/Ketertiban
"Warga Dayeuhkolot ngeluh Air selokan merendam rumah warga setinggi paha, dampaknya muntor mogok massal pas nekat nerobos, tolong keruk selokan min",Sampah/Banjir
"Warung miras ilegal di Manggahang nongkrong di pos ronda sambil nenggak ciu, banyak kehilangan motor dlm sepekan, tolong pos kamling diaktifkan lagi",Keamanan/Ketertiban
"dinas kebersihan tolong angkut sampahnya, Banjir tahunan d Baleendah udah lumpur sedimennya udah tebel bgt bikin bau busuk kecium sampe radius 300 meter",Sampah/Banjir
"Warga Cilengkrang ngeluh Pencairan dana bansos d kantor pos/bank wargaa difabel/lansia terlewat ga didata, dampaknya korban PHK ga dapet perhatian sama sekali, tolong verifikasi lapangan langsung ke rumah warga",Bansos
"Pelecehan / catcalling d Solokan Jeruk neror anak-anak sekolah pas pulang, pengendara motor cewek takut lewat situ, plis tertibkan balap liar pak polisi",Keamanan/Ketertiban
"mohon pasang lampu jalan dan cctv di titik rawan, Pungutan liar oknum di Katapang udah maksa minta uang keamanan ke pedagang kecil bikin anak balita kaget nangis kebangun",Keamanan/Ketertiban
"Warga Cangkuang ngeluh Bantuan Langsung Tunai (BLT) udah 3 bulan belum cair tanpa penjelasan, dampaknya anak yatim ga bisa beli perlengkapan sekolah, tlong bantu proses pencairan kartuu sy min",Bansos
"kemensos tolong perbaiki sistem data DTKS, Bantuan Langsung Tunai (BLT) di Cibaduyut udah nama dicoret tiba-tiba padahal miskin bikin korban PHK ga dapet perhatian sama sekali",Bansos
"Parah banget Bantuan santunan lansia sekitar Rancamanyar aplikasi pendaftaran bansos error dan gbs login, lansia kurang mampu kesulitan beli beras tlong segera ditindak",Bansos
"Warga Cangkuang ngeluh Data Terpadu Kesejahteraan Sosial (DTKS) aplikasi pendaftaran bansos error dan gbs login, dampaknya warga sakit ga bisa berobat krn KIS dinonaktifkan, mohon penyaluran bansos dilakukan secara transparan",Bansos
Min tlg Jalan alternatif daerah Sukamenak berlubang parah sampe angkot ga mau lewat situ lg,Jalan Rusak
Rumah saya kebanjiran lagi gara2 drainase ga pernah dibersihin,Sampah/Banjir
Jalan kampung di Cilengkrang becek dan rusak tiap musim hujan,Jalan Rusak
Warga miskin di RT saya ga dapet bantuan sembako sama sekali,Bansos
Selokan di depan sekolah penuh sampah bikin bau ga sedap,Sampah/Banjir
Kejadian penjambretan di jalan utama makin sering terjadi,Keamanan/Ketertiban
"Bansos PKH dan BPNT d Pameungpeuk proses birokrasinya dipersulit petugas kelurahan, korban PHK ga dapet perhatian sama sekali, kemensos tlong perbaiki sistem data DTKS",Bansos
"Parah bgt Warung miras ilegal sekitar Banjaran berkeliaran bawa senjata tajam / cerulit, warga takutt keluar rumah malem hari tolong segera ditindak",Keamanan/Ketertiban
"Lapor pak, Jalan dekat pasar Bojongsoang bergelombang bikin oleng warga was2 tiap lewat apalagi pas ujan. tlong dinas pupr segera aspal ulang",Jalan Rusak
"Lapor pak, Jalann raya Cicalengka licin dan banyak kerikil tajam pemotor sering kaget ngerem mendadak. min tolong sampaikan ke dinas terkait",Jalan Rusak
"Lapor pak, Jalan dekat pasar Cileunyi berlubang parah mobil ceper sering mentok. mohon pak bupati gercep benerin",Jalan Rusak
"Got depan rumah warga di Banjaran bikin bau comberan masuk ke kamar, bikin lingkungan kumuh dan bau menyengat, mohon dinas lingkungan hidup turun tangann",Sampah/Banjir
"Jalan Cangkuang berlubang di beberapa titik, udah bikin kecelakaan",Jalan Rusak
"Warga Rancamanyar ngeluh Tempat penampungan sampah lumpur sedimennya udah tebel bgt, dampaknya anak sekolah ga bs lewat, tlg pak camat segera tinjau lokas",Sampah/Banjir
"mohon aparat keamanan segera bertindak tegas, Pencurian rumah kosong d Pangalengan udah berkeliaran bawa senjata tajam / cerulit bikin warga jadi was-was dan ga tenang",Keamanan/Ketertiban
"Parah banget Kartu Sembako Murah sekitar Tegalluar proses birokrasinya dipersulit petugas kelurahan, anak yatim ga bisa beli perlengkapan sekolah tolong segera ditindak",Bansos
"Lapor pak, Data Terpadu Kesejahteraan Sosial (DTKS) Solokan Jeruk kualitas beras berkutu, apek dan hancur warga miskin beneran cuma bisa gigit jari. tlg dinas sosial audit ulang data penerima",Bansos
Motor parkir di depan rumah sering hilang tiap malam,Keamanan/Ketertiban
"Data Terpadu Kesejahteraan Sosial (DTKS) di Kopo aplikasi pendaftaran bansos error dan gbs login, warga miskin beneran cuma bisa gigit jari, tolong bantu proses pencairan kartu sy min",Bansos
Saluran air tersumbat sampah bikin ujan dikit langsung banjir,Sampah/Banjir
Min tolong Banjir tahunan daerah Ciwidey airnya item pekat dan berbau busuk sampe bau busuk kecium sampe radius 300 meter,Sampah/Banjir
"Lapor pak, Kartu Indonesia Sehat (KIS PBI) Rancamanyar nama dicoret tiba-tiba padahal miskin anak yatim ga bs beli perlengkapan sekolah. tlong verifikasi lapangan langsung ke rmh warga",Bansos
"Lapor pak, Akses jalan masuk Kopo penuh kubangan air bikin debu tebel kalo panas. minta tlong segera di hotmix",Jalan Rusak
"Parah banget Jalan dekat pasar sekitar Margahayu licin dan banyak kerikil tajam, bikin motor sering jatoh tiap malem plis segera ditindak",Jalan Rusak
Bantuan sosial PKH belum turun padahal sudah terdaftar dari lama,Bansos
Data penerima bansos ga pernah diperbarui padahal kondisi ekonomi berubah,Bansos
"Warga Cileunyi ngeluh Jalan dekat pasar rusak berat gak dibenerin, dampaknya bikin macet parah tiap pagi, tlong secepatnya di perbaiki min",Jalan Rusak
Warga difabel di desa saya belum menerima bantuan apapun,Bansos
"Jembatan kecil d Solokan Jeruk ancur lebur, udh brp kali ada korban kecelakaan, minta plis segera d hotmix",Jalan Rusak
"Parah banget Sound horeg hajatan sekitar Kutawaringin terjadi terus tiap malam minggu, banyak kehilangan mtr dlm sepekan tolong segera ditindak",Keamanan/Ketertiban
"Parah bgt Jalan komplek sekitar Cilengkrang rusak parah abis dilewatin truk, udh brp kali ada korban kecelakaan tlong segera ditindak",Jalan Rusak
"Warga Cibaduyut ngeluh Pencurian rumah kosong neror anak-anak sekolah pas pulang, dampaknya pedagang kecil rugi diperas terus, min tolong sampaikan ke babinsa/bhabinkamtibmas",Keamanan/Ketertiban
"Warga Cileunyi ngeluh Jalan alternatif rusak berat gak dibenerin, dampaknya angkot ga mau lewat situ lg, tlg pak lurah perhatikan jalan kami",Jalan Rusak
"Lapor pak, Banjir tahunan Solokan Jeruk penuh belatung dan lalat hijau anak sekolah ga bisa lewat. tolong keruk selokan min",Sampah/Banjir
Min tolong Aksi begal bersenjata daerah Ujungberung bikin suara bising ga bsa tidur tiap malam sampe korban mengalami luka sabetan sajam,Keamanan/Ketertiban
"Warga Gedebage ngeluh Jalan gang banyak jeglongan sewu, dampaknya bahaya bgt buat anak2 sekolah, kapan mau ditambal min?",Jalan Rusak
"jangan nunggu ada korban jiwa baru dibenerin, Jalan desa d Katapang udah bergelombang bikin oleng bikin bikin macet parah tiap pagi",Jalan Rusak
"Parah banget Kartu Keluarga Sejahtera (KKS) sekitar Dayeuhkolot udah 3 bulan belum cair tanpa penjelasan, warga ngeluh ga ada transparansi tolong segera ditindak",Bansos
"Drainase pemukiman di Kutawaringin merendam rmh warga setinggi paha, warga terpaksa ngungsi ke mushola, tolong armada truk sampah segera dateng",Sampah/Banjir
Min tolong Sungai/kali daerah Sukamenak menggunung udah berminggu-minggu ga diangkut sampe motor mogok massal pas nekat nerobos,Sampah/Banjir
"Lapor pak, Maling jemuran dan gas lpg Cibaduyut maksa minta uang keamanan ke pedagang kecil lingkungan jadi rawan kriminal. mohon pasang lampu jalan dan cctv d titik rawan",Keamanan/Ketertiban
"tolong secepatnya di perbaiki min, Jalan utama di Kutawaringin udah bolong dalem banget bikin bikin motor sering jatoh tiap malem",Jalan Rusak
"Trotoar di Cangkuang aspalnya udah ngelupas abis, bahaya bgt buat anak2 sekolah, jangan nunggu ada korban jiwa baru dibenerin",Jalan Rusak
"Tikungan jalan di Rancaekek rusak parah abis dilewatin truk, pemotor sering kaget ngerem mendadak, jangan nunggu ada korban jiwa baru dibenerin",Jalan Rusak
"Parah bngt Drainase pemukiman sekitar Bojongmalaka menggunung udah berminggu-minggu ga diangkut, bikin warga gatal-gatal dan batuk tolong segera ditindak",Sampah/Banjir
"Lapor pak, Bantuan bedah rumah rutilahu Tegalluar saldo d kartu e-warong kosong melompong warga miskin beneran cuma bisa gigit jari. kemensos tlg perbaiki sistem data DTKS",Bansos
"Sungai/kali d Cibiru lumpur sedimennya udah tebel bgt, anak sekolah ga bisa lewat, tolong armada truk sampah segera dateng",Sampah/Banjir
"min tlong sampaikan k dinas terkait, Jalan alternatif di Katapang udah retak-retak parah bikin pemotor sering kaget ngerem mendadak",Jalan Rusak
Petugas keamanan lingkungan kurang responsif kalau ada laporan warga,Keamanan/Ketertiban
"Parah bgt Pencairan dana bansos d kantor pos/bank sekitar Solokan Jeruk udah 3 bulan belum cair tanpa penjelasan, uang bantuan berkurang banyak kepotong pungli tolong segera ditindak",Bansos
"Parah banget Preman pasar sekitar Cangkuang neror anak-anak sekolah pas pulang, lingkungan jadi rawan kriminal tolong segera ditindak",Keamanan/Ketertiban
Min tolong Tumpukan sampah liar daerah Soreang menggunung udah berminggu-minggu ga diangkut sampe barang elektronik pada rusak kerendem,Sampah/Banjir
Anak-anak sering diintimidasi kakak kelas di jalan pulang sekolah,Keamanan/Ketertiban
Min tlong Geng motor ugal-ugalan daerah Gedebage bikin suara bising ga bs tidur tiap mlm sampe warga jadi was-was dan ga tenan,Keamanan/Ketertiban
"Warga Arjasari ngeluh Data Terpadu Kesejahteraan Sosial (DTKS) salah sasaran yg mampu dan bermobil malah dapet, dampaknya warga ngeluh ga ada transparansi, plis usut tuntas pungli bantuan sosial ini",Bansos
"Parah bgt Aksi curanmor sekitar Baleendah beraksi pas subuh warga lagi sholat, banyak kehilangan muntor dlm sepekan tlg segera ditindak",Keamanan/Ketertiban
"Parah banget Jembatan kecil sekitar Baleendah aspal hotmi nya ngelotok, udh brp kali ada korban kecelakaan tlong segera ditindak",Jalan Rusak
"Akses jalan masuk d Rancamanyar penuh kubangan air, warga was2 tiap lewat apalagi pas ujan, tolong secepatnya d perbaiki min",Jalan Rusak
"Parah banget Gorong-gorong sekitar Rancamanyar penuh belatung dan lalat hijau, barang elektronik pada rusak kerendem tolong segera ditindak",Sampah/Banjir
Min tlg Sound horeg hajatan daerah Kutawaringin neror anak-anak sekolah pas pulang sampe korban mengalami luka sabetan sajam,Keamanan/Ketertiban
Min tlong Kartu Indonesia Sehat (KIS PBI) daerahh Ujungberung warga difabel/lansia terlewat ga didata sampe uang bantuan berkurang banyak kepotong pungli,Bansos
"Lapor pak, Akses jalan masuk Kutawaringin bolong dalem banget mobil ceperr sering mentok. minta tolong segera di hotmix",Jalan Rusak
Ada geng motor balapan liar tiap malam bikin warga ga bisa tidur,Keamanan/Ketertiban
"Parah bgt Preman pasar sekitar Rancaekek makin marak dan meresahkan warga, banyak kehilangan motor dlm sepekan plis segera ditindak",Keamanan/Ketertiban
"mohon kades/lurah tindak tegas oknum yg motong, Kartu Sembako Murah di Ciganitri udah keluarga dan timses kades diprioritaskan bikin anak yatim ga bs beli perlengkapan sekolah",Bansos
Min tolong Aksi curanmor daerah Ciwidey sering lempar batu dan botol kaca sampe anak balita kaget nangis kebangun,Keamanan/Ketertiban
"Data penerima bansos salah sasaran, yg mampu malah dapet",Bansos
Warga difabel dan lansia harusnya diprioritaskan tapi malah terlewat,Bansos
"Parah bngt Jalan gang sekitar Cimenyan aspal hotmix nya ngelotok, bikin motor sering jatoh tiap malem tolong segera ditindak",Jalan Rusak
Sering kejadian pencopetan di halte angkot deket pasar,Keamanan/Ketertiban
"Parah banget Tumpukan sampah liar sekitar Solokan Jeruk baunya nusuk hidung bikin enek, bikin warga gatal-gatal dan batuk tolong segera ditindak",Sampah/Banjir
"min tolong sampaikan k dinas terkait, Jln protokol di Ujungberung udah banyak jeglongan sewu bikin bahaya bgt buat anak2 sekolah",Jalan Rusak
"Aksi begal bersenjata di Cibiru terjadi terus tiap mlm minggu, pengendara mtr cewek takut lewat situ, mohon aparat keamanan segera bertindak tegas",Keamanan/Ketertiban
Min tlg Jalan raya daerah Ciparay bolong dalem bangett sampe mobil ceper sering mentok,Jalan Rusak
"Warga Tegalluar ngeluh Drainase pemukiman penuh belatung dan lalat hijau, dampaknya banyak nyamuk DBD, tolong buatin tanggul darurat pa kades",Sampah/Banjir
"Warga Nagreg ngeluh Maling jemuran dan gas lpg nyolong barang warga secara beruntun, dampaknya pedagang kecil rugi diperas terus, tlong polres dan polsek rutin patroli malam",Keamanan/Ketertiban
"Lapor pak, Jalan poros Ciganitri bolong dalem bgt bikin motor sering jatoh tiap malem. minta tolong segera di hotmix",Jalan Rusak
Min tolong Jalan komplek daerah Ibun licin dan banyak kerikil tajam sampe bahaya bgt buat anak2 sekolah,Jalan Rusak
Trotoar di Margahayu ancur ga bisa dilewatin pejalan kaki,Jalan Rusak
"CCTV di gang utama rusak udah lama, minta segera diperbaiki",Keamanan/Ketertiban
"Kartu Indonesia Sehat (KIS PBI) d Kopo udah 3 bulan belum cair tanpa penjelasan, warga miskin beneran cuma bisa gigit jari, tolong bantu proses pencairan kartu sy min",Bansos
Min tlg Paving block jalan daerah Kopo banyak jeglongan sewu sampe udh brp kali ada korban kecelakaan,Jalan Rusak
"Jln protokol d Bojongmalaka amblas separuh badan, angkot ga mau lewat situ lg, jangan nunggu ada korban jiwa baru dibenerin",Jalan Rusak
"Parah banget Bantuan santunan lansi sekitar Rancamanyar salah sasaran yg mampu dan bermobil malah dapet, uang bantuan berkurang banyak kepotong pungli tolong segera ditindak",Bansos
"Warga Cileunyi ngeluh Gorong-gorong lumpur sedimennya udah tebel bgt, dampaknya bikin warga gatal-gatal dan batuk, dinas kebersihan tolon angkut sampahnya",Sampah/Banjir
"Warga Manggahang ngeluh Data Terpadu Kesejahteraan Sosial (DTKS) udah 3 bulan belum cair tanpa penjelasan, dampaknya warga sakit ga bs berobat krn KIS dinonaktifkan, tlg usut tuntass pungli bantuan sosial ini",Bansos
"Lapor pak, Aksi begal bersenjata Tegalluar nongkrong d pos ronda sambil nenggak ciu lingkungan jadi rawan kriminal. mohon pasang lampu jalan dan cctv d titik rawan",Keamanan/Ketertiban
"tangkap dan tindak oknum preman meresahkan, Pemuda mabuk-mabukan d Kutawaringin udah nyolong barang warga secara beruntun bikin pengendara muntor cewek takut lewat situ",Keamanan/Ketertiban
"Warung miras ilegal di Katapang terjadi terus tiap malam minggu, anak balita kaget nangis kebangun, tlg pos kamling diaktifkan lagi",Keamanan/Ketertiban
"Sampah berserakan di TPS liar deket rumah warga Katapang, bau bgt",Sampah/Banjir
Kali belakang komplek dipenuhi sampah plastik menggunung,Sampah/Banjir
"Parah banget Warung miras ilegal sekitar Solokan Jeruk nyolong barang warga secara beruntun, pengendara motor cewek takut lewat situ plis segera ditindak",Keamanan/Ketertiban
"Banjir di Dayeuhkolot bikin macet parah, motor mogok semua",Sampah/Banjir
Min tolong Paving block jalan daerah Ujungberung aspal hotmix nya ngelotok sampe angkott ga mau lewat situ lg,Jalan Rusak
Min tolong Jalan desa daerah Ciwidey penuh kubangan air sampe udh brp kali ada korban kecelakaan,Jalan Rusak
"tolong verifikasi lapangan langsung ke rmh warga, Kartu Indonesia Sehat (KIS PBI) di Banjaran udah warga difabel/lansia terlewat ga didataa bikin lansia kurang mampu kesulitan beli beras",Bansos
"Parah bngt Banjir tahunan sekitar Margahayu lumpur sedimennya udah tebel bgt, mtr mogok massal pas nekat nerobos tlong segera ditindak",Sampah/Banjir
"Parah banget Maling jemuran dan gas lpg sekitar Soreang makin marak dan meresahkan warga, lingkungan jadi rawan kriminal tlong segera ditindak",Keamanan/Ketertiban
"Aksi tawuran remaja di Cicalengka sering lempar batu dan botol kaca, warga jadi was-was dan ga tenang, tlong tertibkan balap liar pak polisi",Keamanan/Ketertiban
"Parah bgt Jalan utama sekitar Margahayu rusak berat gak dibenerin, shockbreaker motor jebol tolong segera ditindakk",Jalan Rusak
"Geng muntor ugal-ugalan di Cimenyan bikin suara bising ga bisa tidur tiap malam, korban mengalami luka sabetan sajam, tolong pos kamling diaktifkan lagi",Keamanan/Ketertiban
"Parah banget Aksi begal bersenjata sekitar Gedebage sering lempar batu dan botol kaca, banyak kehilangan motor dlm sepekan tolong segera ditindak",Keamanan/Ketertiban
"Gorong-gorong d Margahayu merenda rumah warga setinggi paha, akses jalan lumpuh total ga bisa lewat motor, butuh perahu karet buat evakuasi warga",Sampah/Banjir
"Lapor pak, Kartu Keluarga Sejahtera (KKS) Pameungpeuk warga difabel/lansia terlewat ga didata uang bantuan berkurang banyak kepotong pungli. tolong usut tuntas pungli bantuan sosiall ini",Bansos
"Parah banget Jalan gang sekitar Solokan Jeruk penuh kubangan air, mobil ceper sering mentok tlg segera ditindak",Jalan Rusak
Min tolong Air selokan daerah Cicalengka mampet total gara-gara plastik dan sampah sampe akses jalan lumpuh total ga bsa lewat motor,Sampah/Banjir
"tlong pos kamling diaktifkan lagi, Pelecehan / catcalling d Cibiru udah maksa minta uang keamanan ke pedagang kecil bikin pengendara motor cewek takut lewat situ",Keamanan/Ketertiban
"Warga Cibaduyut ngeluh Tumpukan sampah liar menggunung udah berminggu-minggu ga diangkut, dampaknya bikin warga gatal-gatal dan batuk, butuh perahu karet buat evakuasi warga",Sampah/Banjir
Min tlg Bantuan bedah rmh rutilahu daerah Baleendah keluarga dan timses kades diprioritaskan sampe lansia kurang mampu kesulitan beli beras,Bansos
Proses pengajuan bansos online error terus ga bisa submit,Bansos
"Kali di belakang perumahan penuh sampah, aromanya ga enak",Sampah/Banjir
"Jalan gang deket rumah saya berlubang dalem, motor sering kepeleset",Jalan Rusak
"Warga Cimenyan ngeluh Sound horeg hajatan nyolong barang warga secara beruntun, dampaknya banyak kehilangann muntor dlm sepekan, tolong polres dan polsek rutin patroli malam",Keamanan/Ketertiban
"Ada jalan amblas mendadak di dekat jembatan kecil, bahaya banget",Jalan Rusak
"Lapor pak, Preman pasar Cileunyi makin marak dan meresahkan warga pedagangg kecil rugi diperas terus. mohon pasang lampu jalan dan cctv d titik rawan",Keamanan/Ketertiban
Min plis Tumpukan sampah liar daerah Soreang meluap k jalan tiap ujan lebat sampe akses jalann lumpuh total ga bisa lewat motor,Sampah/Banjir
"Warga Sapan ngeluh Sound horeg hajatan maksa minta uang keamanan ke pedagang kecil, dampaknya korban mengalami luka sabetan sajam, tangkap dan tindak oknum preman meresahkan",Keamanan/Ketertiban
"Parah bgt Penyaluran beras bansos sekitar Sapan nama dicoret tiba-tiba padahal miskin, warga sakit ga bsa berobat krn KIS dinonaktifkan tolong segera ditindak",Bansos
Min tlong Drainase pemukiman daerah Kopo ga surut-surut udah 3 hari sampe warga terpaksa ngungsi ke mushola,Sampah/Banjir
"min tolong sampaikan ke babinsa/bhabinkamtibmas, Maling jemuran dan gas lpg di Pasirjambu udah neror anak-anak sekolah pas pulang bikin warga takut kelua rumah malem hari",Keamanan/Ketertiban
Min tolong Sampah d TPS daerah Ibun penuh sampah kasur dan plastik sampe warga terpaksa ngungsi ke mushola,Sampah/Banjir
"Knalpot brong bising d Kopo bikin suara bising ga bisa tidur tiap malam, banyak kehilangan motor dlm sepekan, tolong tertibkan balap liar pak polisi",Keamanan/Ketertiban
"Lapor pak, Bantuan Langsung Tunai (BLT) Soreang kualitas beras berkutu, apek dan hancur warga miskin beneran cuma bisa gigit jari. tolong usut tuntas pungli bantuan sosial ini",Bansos
"tlong polres dan polsek rutin patroli mlem, Knalpot brong bising d Cileunyi udah neror anak-anak sekolah pas pulang bikin warga jadi was-was dan ga tenang",Keamanan/Ketertiban
"Jalan kampung blm pernah diaspal dari dulu, becek dan rusak terus",Jalan Rusak
"Wargaa Gedebage ngeluh Jalan poros aspalnya udah ngelupas abis, dampaknya bahaya bgt buat anak2 sekolah, plis pak lurah perhatikan jalan kami",Jalan Rusak
"Warga Sukamenak ngeluh Jalan dekat pasar retak-retak parah, dampaknya angkot ga mau lewat situ lg, pliss segera d tindaklanjuti pa",Jalan Rusak
"tlong polres dan polsek rutin patroli mlem, Knalpot brong bising di Solokan Jeruk udah neror anak-anak sekolah pas pulang bikin korban mengalami luka sabetan sajam",Keamanan/Ketertiban
"Warga Gedebage ngeluh Bantuan Langsung Tunai (BLT) ada pemotongan dana sepihak oleh oknum RT/RW, dampaknya korban PHK ga dapet perhatian sama sekali, mohon kades/lurah tindak tegas oknum yg motong",Bansos
"Lapor pak, Kartu Keluarga Sejahtera (KKS) Dayeuhkolot saldo d kartu e-warong kosong melompong warga ngeluh ga ada transparansi. mohon kades/lurah tindak tegas oknum yg motong",Bansos
"Parah bgt Pencurian rumah kosong sekitar Ujungberung beraksi pas subuh warga lagi sholat, korban mengalami luka sabetan sajam tolong segera ditindak",Keamanan/Ketertiban
"Parah banget Kartu Indonesia Sehat (KIS PBI) sekitar Ciwidey proses birokrasinya dipersulit petugas kelurahan, anak yatim ga bisa beli perlengkapan sekolah tolong segera ditindak",Bansos
Min tolong Got depan rmh warga daerah Banjaran baunya nusuk hidung bikin enek sampe barang elektroni pada rusak kerendem,Sampah/Banjir
"minta tlong segera di hotmix, Jalan desa di Gedebage udah bolong dalem banget bikin shockbreaker motor jebol",Jalan Rusak
Ada laporan penipuan investasi bodong yang menjerat banyak warga,Keamanan/Ketertiban
"Lapor pak, Pelecehan / catcalling Rancamanyar nongkrong di pos ronda sambil nenggak ciu warga jadi was-was dan ga tenang. tolong polres dan polsek rutin patroli mlm",Keamanan/Ketertiban
Min tolong Preman pasar daerah Cileunyi nongkrong di pos rond sambil nenggak ciu sampe warga takut keluar rmh malem hari,Keamanan/Ketertiban
"Parah banget Jalan desa sekitar Pameungpeuk ancur lebur, udh brp kali ada korban kecelakaan tlong segera ditindak",Jalan Rusak
Kelompok remaja sering pesta miras di taman deket rumah warga,Keamanan/Ketertiban
"tlong bantu proses pencairan kartu saya min, Bantuan bedah rumah rutilahu di Cilengkrang udah proses birokrasinya dipersulit petugas kelurahan bikin warga ngeluh ga ada transparansi",Bansos
"min tolong sampaikan k babinsa/bhabinkamtibmas, Sound horeg hajatan d Cibaduyut udah berkeliaran bawa senjata tajam / cerulit bikin lingkungan jadi rawan kriminal",Keamanan/Ketertiban
Min tlong Aksi curanmor daerah Sapan maks minta uang keamanan k pedagang kecil sampe pedagang kecil rugi diperas terus,Keamanan/Ketertiban
Min tlg Air selokan daerah Cibiru airnya item pekat dan berbau busuk sampe bau busuk kecium sampe radius 300 meter,Sampah/Banjir
Min tlg Bansos PKH dan BPNT daerah Cibaduyut warga difabel/lansia terlewat ga didata sampe korban PHK ga dapet perhatian sama sekali,Bansos
"Warga Arjasari ngeluh Judi online slot nyolong barang warga secara beruntun, dampaknya lingkungan jadi rawan kriminal, tolong polres dan polsek rutin patroli mlm",Keamanan/Ketertiban
"Lapor pak, Preman pasar Ciwidey beraksi pas subuh warga lagi sholat pengendara muntor cewek takut lewat situ. plis polres dan polsek rutin patroli mlm",Keamanan/Ketertiban
"Aspal Paseh mulai retak-retak, kalo dibiarin bisa tambah parah",Jalan Rusak
"Jembatan kecil d Sukamenak amblas separuh badan, bikin velg motor peang dan ban bocor, tolong secepatnya d perbaiki min",Jalan Rusak
Sampah organik dan anorganik dibuang campur bikin penuh cepet,Sampah/Banjir
"jangan nunggu ada korban jiwa baru dibenerin, Aspal jalan di Arjasari udah rusak kena kikis air comberan bikin bikin motor sering jatoh tiap malem",Jalan Rusak
Saya sudah lapor kehilangan pekerjaan tapi bansos ga kunjung diproses,Bansos
"plis verifikasi lapangan langsung k rumah warga, Kartu Sembako Murah di Pangalengan udah kualitas beras berkutu, apek dan hancur bikin warga ngeluh ga ada transparansi",Bansos
"Warga Rancaekek ngeluh Jalan poros amblas separuh badan, dampaknya angkot ga mau lewat situ lg, tolong dinas pupr segera aspal ulang",Jalan Rusak
Min tlg Akses jalan masuk daerah Soreang aspal hotmix nya ngelotok sampe bahaya bgt buat anak2 sekolah,Jalan Rusak
Min tolong Bantuan Langsung Tunai (BLT) daerah Tegalluar nama dicoret tiba-tiba padahal miskin sampe lansia kurang mampu kesulitan beli beras,Bansos
Min tolong Balap liar tengah malam daerah Majalaya bikin suara bising ga bisa tidur tiap malam sampe banyak kehilangan motor dlm sepekan,Keamanan/Ketertiban
Anak-anak muda mabuk-mabukan di pos ronda bikin resah warga,Keamanan/Ketertiban
"Warga Pangalengan ngeluh Paving block jalan rusak kena kikis air comberan, dampaknya bikin velg motor peang dan ban bocor, pliss segera di tindaklanjuti pa",Jalan Rusak
"Sampah numpuk di pinggir kali Baleendah, bau busuk menyengat",Sampah/Banjir
"butuh perahu karet buat evakuasi warga, Got depan rumah warga d Manggahang udah baunya nusuk hidung bikin enek bikin anak sekolah ga bsa lewat",Sampah/Banjir
"Kali dekat pasar d Bojongmalaka lumpur sedimennya udah tebel bgt, akses jalan lumpuh total ga bisa lewat motor, dinas kebersihan plis angkut sampahnya",Sampah/Banjir
"Parah bngt Kartu Sembako Murah sekitar Cimenyan kualitas beras berkutu, apek dan hancur, warga ngeluh ga ada transparansi tolong segera ditindak",Bansos
"Warga Nagreg ngeluh Kartu Sembakoo Murah ada pemotongan dana sepihak oleh oknum RT/RW, dampaknya warga sakit ga bisa berobat krn KIS dinonaktifkan, plis dinas sosial audit ulang data penerima",Bansos
"Preman pasar di Ibun neror anak-anak sekolah pas pulang, lingkungan jadi rawan kriminal, tlong polres dan polsek rutin patroli malam",Keamanan/Ketertiban
"Warga Kopo ngeluh Bantuan modal UMKM salah sasaran yg mampu dan bermobil malah dapet, dampaknya korban PHK ga dapet perhatian sama sekali, kemensos tolong perbaiki sistem data DTKS",Bansos
"Warga Ujungberung ngeluh Tumpukan sampah liar tanggulnya rembes dan bocor, dampaknya banyak nyamuk DBD, tolong keruk selokan min",Sampah/Banjir
Min tolong Sungai/kali daerah Bojongmalaka airnya item pekat dan berbau busuk sampe anak sekolah ga bsa lewat,Sampah/Banjir
Jln utama rusak berat bikin angkot pada males lewat situ jadi warga susah naik angkot,Jalan Rusak
"Lapor pak, Banjir tahunan Paseh penuh belatung dan lalat hijau banyak nyamuk DBD. tolong pak camat segera tinjau lokasi",Sampah/Banjir
"Jalan utama di Margahayu berlubang parah, warga was2 tiap lewat apalagi pas ujan, tlg secepatnya di perbaiki min",Jalan Rusak
"Lapor pak, Kartu Sembako Murah Solokan Jeruk aplikasi pendaftaran bansos error dan gbs login uang bantuan berkurang banyak kepotong pungli. kemensos tolong perbaiki sistem data DTKS",Bansos
"tolong pak lurah perhatikan jalan kami, Trotoar d Cikoneng udah banyak jeglongan sewu bikin bikin macet parah tiap pagi",Jalan Rusak
Jalan raya Solokan Jeruk banyak lubang bikin macet parah tiap sore,Jalan Rusak
"tolong keruk selokan min, Kali dekat pasar di Ibun udah penuh belatung dan lalat hijau bikin bikin lingkungan kumuh dan bau menyengat",Sampah/Banjir
Min tlong Jembatan kecil daerah Banjaran aspalnya udah ngelupas abis sampe mobil ceper sering mentok,Jalan Rusak
"Jalan alternatif di Bojongsoang aspalnya udah ngelupas abis, bikin debu tebel kalo panas, jangan nunggu ada korban jiwa baru dibenerin",Jalan Rusak
"Lapor pak, Air selokan Cibaduyut tanggulnya rembes dan bocor akses jalan lumpuh total ga bsa lewat mtr. mohon dinas lingkungan hidup turun tangan",Sampah/Banjir
"Kali dekat pasar di Gedebage penuh belatung dan lalat hijau, akses jalan lumpuh total ga bisa lewat muntor, dinas kebersihan tolong angkut sampahnya",Sampah/Banjir
Min tolong Bantuan modal UMKM daerah Rancaekek saldo d kartu e-warong kosong melompong sampe korban PHK ga dapet perhatian sama sekali,Bansos
Warga korban PHK massal belum masuk daftar penerima bantuan apapun,Bansos
"plis pos kamling diaktifkan lagi, Maling jemuran dan gas lpg d Cilengkrang udah nongkrong d pos ronda sambil nenggak ciu bikin warga jadi was-was dan ga tenang",Keamanan/Ketertiban
"Lapor pak, Bantuan Langsung Tunai (BLT) Ciwidey saldo di kartu e-warong kosong melompong korban PHK ga dapet perhatian sama sekali. tlg verifikasi lapangan langsung ke rumah warga",Bansos
"butuh perahu karet buat evakuasi warga, Banjir tahunan di Pangalengann udah lumpur sedimennya udah tebel bgt bikin bikin lingkungan kumuh dan bau menyengat",Sampah/Banjir
"Lapor pak, Kartu Indonesia Sehat (KIS PBI) Rancaekek kualitas beras berkutu, apek dan hancur uang bantuan berkurang banyak kepotong pungli. tolong usut tuntas pungli bantuan sosial ini",Bansos
"mohon pak bupati gercep benerin, Jalan alternatif d Katapang udah ancur lebur bikin mobil ceper sering mentok",Jalan Rusak
"Lapor pak, Bantuan bedah rumah rutilahu Ciwidey salah sasaran yg mampu dan bermobil malah dapet warga ngeluh ga ada transparansi. kemensos tlong perbaiki sistem data DTKS",Bansos
"Parah banget Knalpot brong bising sekitar Cimenyan beraksi pas subuh warga lagi sholat, pengendara motor cewek takut lewat situ tlg segera ditindak",Keamanan/Ketertiban
Bansos yang diterima jumlahnya ga sesuai dengan yang dijanjikan pemerintah,Bansos
Min tolong Jalan desa daerah Cileunyi amblas separuh badan sampe bikin macet parah tiap pagi,Jalan Rusak
Jalan perumahan saya rusak parah tiap ujan jadi banjir kecil2 di lubang,Jalan Rusak
Min tolong Aspal jalan daerah Sukamenak ancur lebur sampe shockbreaker motor jebol,Jalan Rusak
"Penyaluran beras bansos d Pameungpeuk aplikasi pendaftaran bansos error dan gbs login, warga miskin beneran cuma bisa gigit jari, kemensos plis perbaiki sistem data DTKS",Bansos
"Warga Kopo ngeluh Drainase pemukiman airnya item pekat dan berbau busuk, dampaknya anak sekolah ga bsa lewat, mohon dinas lingkungan hidup turun tangan",Sampah/Banjir
"Lapor pak, Kartu Keluarga Sejahtera (KKS) Ciganitri aplikasi pendaftaran bansos error dan gbs login anak yatim ga bs beli perlengkapan sekolah. plis dinas sosial audit ulang data penerima",Bansos
"Lapor pak, Kali dekat pasar Majalaya airnya item pekat dan berbau busuk bikin warga gatal-gatal dan batuk. butuh perahu karet buat evakuasi warga",Sampah/Banjir
"pliss segera d tindaklanjuti pa, Tikungan jalan d Kopo udah banyak jeglongan sewu bikin mobil ceper sering mentok",Jalan Rusak
Aspal jalan menuju kantor kecamatan udah pada terkelupas semua,Jalan Rusak
"Lapor pak, Balapp liar tengah mlm Banjaran maksa minta uang keamanan ke pedagang kecil warga jadi was-was dan ga tenang. mohon pasang lampu jalan dan cctv di titik rawan",Keamanan/Ketertiban
Min tlong Knalpot brong bising daerah Cangkuang makin marak dan meresahkan warga sampe anak balita kaget nangis kebangun,Keamanan/Ketertiban
Min tolong Kartu Sembako Murah daerah Cimenyan warga difabel/lansia terlewat ga didata sampe warga ngeluh ga ada transparansi,Bansos
"Parah banget Kali dekat pasar sekitar Bojongmalaka meluap ke jalan tiap ujan lebat, bau busuk kecium sampee radius 300 meter tolong segera ditindak",Sampah/Banjir
"Parah banget Genangan cileuncang sekitar Dayeuhkolot merendam rumah warga setinggi paha, akses jalan lumpuh total ga bisa lewat muntor plis segera ditindak",Sampah/Banjir
"mohon pasang lampu jalan dan cctv d titik rawan, Warung miras ilegal d Solokan Jeruk udah bikin suara bising ga bsa tidur tiap mlm bikin warga takut keluar rumah malem hari",Keamanan/Ketertiban
"tolong usut tuntas pungli bantuan sosial ini, Bantuan santunan lansia di Banjaran udah ada pemotongan dana sepihak oleh oknum RT/RW bikin lansia kurang mampu kesulitan beli beras",Bansos
"mohon aparat keamanan segera bertindak tegas, Warung miras ilegal d Ibun udah sering lempar batu dan botol kaca bikin lingkungan jadi rawan kriminal",Keamanan/Ketertiban
"Jalan menuju sekolah rusak parah, anak2 sering jatoh pas lewat situ",Jalan Rusak
"Kartu Sembako Murah d Manggahang salah sasaran yg mampu dan bermobil malah dapet, warga ngeluh ga ada transparansi, mohon penyaluran bansos dilakukan secara transparan",Bansos
"Bantuan modal UMKM di Cimenyan saldo di kartu e-warong kosong melompong, uang bantuan berkurang banyak kepotong pungli, mohon penyaluran bansos dilakukan secara transparan",Bansos
"jangan nunggu ada korban jiwa baru dibenerin, Akses jalan masuk di Ciganitri udah bolong dalem bngt bikin bahaya bgt buat anak2 sekolah",Jalan Rusak
"tolong usut tuntas pungli bantuan sosial ini, Kartu Keluarga Sejahtera (KKS) di Pasirjambu udah warga difabel/lansia terlewat ga didata bikin warga ngeluh ga ada transparansi",Bansos
Min tolong Bansos PKH dan BPNT daerah Cikoneng ada pemotongan dana sepihak oleh oknum RT/RW sampe korban PHK ga dapet perhatian sama sekali,Bansos
"Warga Majalaya ngeluh Bantuan santunan lansiaa keluarga dan timses kades diprioritaskan, dampaknya uang bantuan berkurang banyak kepotong pungli, plis verifikasi lapangan langsung ke rumah warga",Bansos
"Warga Pasirjambu ngeluh Pintu air bikin bau comberan masuk k kamar, dampaknya warga terpaksa ngungsi k mushola, butuh perahu karet buat evakuasi warga",Sampah/Banjir
Petugas kelurahan bilang bansos saya ditolak tanpa alasan jelas,Bansos
"Min tolong Bantuan bedah rumah rutilahu daerah Majalaya kualitas beras berkutu, apek dan hancur sampe warga miskin beneran cuma bs gigit jari",Bansos
"kemensos tlg perbaiki sistem data DTKS, Kartu Keluarga Sejahtera (KKS) di Pangalengan udah nama dicoret tiba-tiba padahal miskin bikin korban PHK ga dapet perhatian sama sekali",Bansos
"Parah banget Bantuan santunan lansia sekitar Cimenyan salah sasaran yg mampu dan bermobil malah dapet, warga sakit ga bisa berobat krn KIS dinonaktifkan tolong segera ditindak",Bansos
"Parah bngt Pelecehan / catcalling sekitar Kopo beraksi pas subuh warga lagi sholat, warga jadi was-was dan ga tenang tolong segera ditindak",Keamanan/Ketertiban
Min plis Banjir tahunan daerah Paseh menggunung udah berminggu-minggu ga diangkut sampe bikin lingkungan kumuh dan bau menyengat,Sampah/Banjir
"pliss segera di tindaklanjuti pa, Jalan utama di Pasirjambu udah rusak parah abis dilewatin truk bikin pemotor sering kaget ngerem mendadak",Jalan Rusak
"Lapor pak, Pencurian rumah kosong Katapang nyolong barang warga secara beruntun korban mengalami luka sabetan sajam. min tolong sampaikan ke babinsa/bhabinkamtibmas",Keamanan/Ketertiban
"Lapor pak, Bantuan bedah rmh rutilahu Katapang saldo di kartu e-warong kosong melompong uang bantuan berkurang banyak kepotong pungli. mohon penyaluran bansos dilakukan secara transparan",Bansos
"Laporr pak, Jalan alternatif Solokan Jeruk aspalnya udah ngelupas abis shockbreaker motor jebol. jangan nunggu ada korban jiwa baru dibenerin",Jalan Rusak
"mohon aparat keamanan segera bertindak tegas, Knalpot brong bising d Ujungberung udah makin marak dan meresahkan warga bikin warga jadi was-was dan ga tenang",Keamanan/Ketertiban
"Warga Paseh ngeluh Aksi curanmor makin marak dan meresahkan warga, dampaknya warga takut keluar rmh malem hari, tlong tertibkan balap liar pak polisi",Keamanan/Ketertiban
"Warga Cileunyi ngeluh Bantuan bedah rmh rutilahu nama dicoret tiba-tiba padahal miskin, dampaknya uang bantuan berkurang banyak kepotong pungli, tolong usut tuntas pungli bantuan sosial ini",Bansos
"Warga Baleendah ngeluh Pencurian rmh kosong terjadi terus tiap mlem minggu, dampaknya pedagang kecil rugi diperas terus, mohon pasang lampu jalan dan cctv di titik rawan",Keamanan/Ketertiban
"Warga Tegalluar ngeluh Sound horeg hajatan beraksi pas subuh warga lagi sholat, dampaknya lingkungan jadi rawan kriminal, tangkap dan tindak oknum preman meresahkan",Keamanan/Ketertiban
"Data KK saya salah di sistem bansos, minta diperbaiki segera",Bansos
"mohon penyaluran bansos dilakukan secara transparan, Kartu Keluarga Sejahtera (KKS) di Pangalengan udah keluarga dan timses kades diprioritaskan bikin warga sakit ga bs berobat krn KIS dinonaktifkan",Bansos
Min tolong Tikungan jalan daerah Ciparay penuh kubangan air sampe shockbreaker muntor jebol,Jalan Rusak
"tolong usut tuntas pungli bantuan sosial ini, Kartu Indonesia Sehat (KIS PBI) di Paseh udah udah 3 bulan belum cair tanpa penjelasan bikin warga miskin beneran cuma bsa gigit jari",Bansos
"tolong bantu proses pencairan kartu sy min, Kartu Sembako Murah d Tegalluar udah ada pemotongan dana sepihak oleh oknum RT/RW bikin lansia kurang mampu kesulitan beli beras",Bansos
"Parah bngt Kali dekat pasar sekitar Cangkuang tanggulnya rembes dan bocor, bau busuk kecium sampe radius 300 meter tolong segera ditindak",Sampah/Banjir
"Parah bgt Jembatan kecil sekitar Bojongsoang aspalnya udah ngelupas abis, bikin macet parah tiap pagi tlong segera ditindak",Jalan Rusak
"Jalan desa d Cibaduyut bergelombang bikin oleng, angkot ga mau lewat situ lg, mohon pak bupati gercep benerin",Jalan Rusak
"Warga Soreang ngeluh Kartu Keluarga Sejahtera (KKS) saldo di kart e-warong kosong melompong, dampaknya warga sakit ga bs berobat krn KIS dinonaktifkan, mohon penyaluran bansos dilakukan secara transparan",Bansos
"Warungg miras ilegal di Cangkuang neror anak-anak sekolah pas pulang, warga takut keluar rumah malem hari, tolong pos kamling diaktifkan lagi",Keamanan/Ketertiban
"Parah banget Jalan poros sekitar Cibaduyut penuh kubangan air, angkot ga mau lewat situ lg tlong segera ditindak",Jalan Rusak
"tolong pak camat segera tinjau lokasi, Drainase pemukiman di Ciganitri udah mampet total gara-gara plastik dan sampah bikin akses jalan lumpuh total ga bisa lewat motor",Sampah/Banjir
"Warga Cibaduyut ngeluh Pintu air mampet total gara-gara plastik dan sampah, dampaknya bikin lingkungan kumuh dan bau menyengat, mohon dinas lingkungan hidup turun tangan",Sampah/Banjir
Sering ada laporan pencurian ternak warga di daerah pinggiran desa,Keamanan/Ketertiban
"Saluran air induk d Paseh lumpur sedimennya udah tebel bgt, bikin lingkungan kumuh dan bau menyengat, tlg pak camat segera tinjau lokasi",Sampah/Banjir
Min tlg Bantuan santunan lansia daerah Kopo salah sasaran yg mampu dan bermobil malah dapet sampe uang bantuan berkurang banyak kepotong pungli,Bansos
Saya kehilangan pekerjaan tapi ga masuk kategori penerima bantuan,Bansos
Min tolong Pungutan liar oknum daerah Pameungpeuk bikin suara bising ga bs tidur tiap mlm sampe anak balita kaget nangis kebangun,Keamanan/Ketertiban
"Parah bngt Jalan komplek sekitar Sapan bergelombang bikin oleng, bikin motor sering jatoh tiap malem plis segera ditindak",Jalan Rusak
Min tolong Jembatan kecil daerah Ujungberung amblas separuh badan sampe bahaya bgt buat anak2 sekolah,Jalan Rusak
"min tolong sampaikan ke dinas terkait, Jembatan kecil di Ciganitri udah retak-retak parah bikin bikin motor sering jatoh tiap malem",Jalan Rusak
"Parah banget Genangan cileuncang sekitar Manggahang menggunung udah berminggu-minggu ga diangkut, motor mogok massal pas nekat nerobos tolong segera ditindak",Sampah/Banjir
Min tlg Kartu Keluarga Sejahtera (KKS) daerahh Cibiru ada pemotongan dana sepihak oleh oknum RT/RW sampe lansia kurang mampu kesulitan beli beras,Bansos
"jangan nunggu ada korban jiwa baru dibenerin, Jalur tanjakan di Margahayu udah aspal hotmix nya ngelotok bikin bikin motor sering jatoh tiap malem",Jalan Rusak
"Lapor pak, Bansos PKH dan BPNT Pameungpeuk salah sasaran yg mampu dan bermobil malah dapet anak yatim ga bisa beli perlengkapan sekolah. tlong bantu proses pencairan kartu saya min",Bansos
Min tlong Judi online slot daerah Cicalengka sering lempar batu dan botol kaca sampe anak balita kaget nangis kebangun,Keamanan/Ketertiban
"Parah banget Bantuan bedah rumah rutilahu sekitar Cibaduyut salah sasaran yg mampu dan bermobil malah dapet, uang bantuan berkurang banyak kepotong pungli plis segera ditindak",Bansos
"minta tolon segera d hotmix, Jalur tanjakan d Cangkuang udah ancur lebur bikin angkot ga mau lewat situ lg",Jalan Rusak
Aspal jalan Pameungpeuk mengelupas semua debu bertebaran kemana-mana,Jalan Rusak
"Lapor pak, Tikungan jalan Gedebage rusak parah abis dilewatin truk bikin debu tebel kalo panas. mohon pak bupati gercep benerin",Jalan Rusak
Jalan lingkar selatan penuh lubang bikin macet dan bahaya,Jalan Rusak
"Lapor pak, Tempat penampungan sampah Solokan Jeruk merendam rumah warga setinggi paha anak sekolah ga bisa lewat. minta bantuan pompa air sedot banjir min",Sampah/Banjir
"mohon aparat keamanan segera bertindak tegas, Geng motor ugal-ugalan di Arjasari udah maksa minta uang keamanan k pedagang kecil bikin warga jadi was-was dan ga tenang",Keamanan/Ketertiban
"Warga Ibun ngeluh Jalan utama bolongg dalem bngt, dampaknya udh brp kali ada korban kecelakaan, minta tlg segera di hotmix",Jalan Rusak
"Drainase mampet di Margahayu, air ga bisa ngalir pas ujan",Sampah/Banjir
"Parah banget Balap liar tengah malam sekitar Rancamanyar maksa minta uang keamanan k pedagang kecil, lingkungan jadi rawan kriminal tlon segera ditindak",Keamanan/Ketertiban
"Bantuan bedah rumah rutilahu di Cimenyan warga difabel/lansia terlewat ga didata, warga miskin beneran cuma bisa gigit jari, tolong verifikasi lapangan langsung ke rumah warga",Bansos
"Aksi begal bersenjata di Pangalengan nongkrong di pos ronda sambil nenggak ciu, warga jadi was-was dan ga tenang, mohon aparat keamanan segera bertindak tegas",Keamanan/Ketertiban
"Parah banget Saluran air induk sekitar Ciparay ga surut-surut udah 3 hari, bikin warga gatal-gatal dan batuk tolong segera ditindak",Sampah/Banjir
Penerangan jalan kurang bikin rawan tindak kejahatan di malam hari,Keamanan/Ketertiban
"Kartu Keluarga Sejahtera (KKS) d Soreang keluarga dan timses kades diprioritaskan, uang bantuan berkurang banyak kepotong pungli, tolong verifikasi lapangan langsung k rmh warga",Bansos
"Warga Katapang ngeluh Bantuan Langsung Tunai (BLT) ada pemotongan dana sepihak oleh oknum RT/RW, dampaknya lansia kurang mampu kesulitan beli beras, mohon penyaluran bansos dilakukan secara transparan",Bansos
Min tolong Bantuan santunan lansia daerah Cibaduyut proses birokrasinya dipersulit petugas kelurahan sampe korban PHK ga dapet perhatian sama sekali,Bansos
"Lapor pak, Aspal jalan Cikoneng banyak jeglongan sewu bahaya bgt buat anak2 sekolah. tlg pak lurah perhatikan jalan kami",Jalan Rusak
Ada perkelahian antar warga gara-gara masalah sepele tapi jadi ricuh,Keamanan/Ketertiban
"Lapo pak, Jalan raya Arjasari licin dan banyak kerikil tajam warga was2 tiap lewat apalagi pas ujan. tlg secepatnya di perbaiki min",Jalan Rusak
"Penyaluran beras bansos di Paseh warga difabel/lansia terlewat ga didata, warga ngeluh ga ada transparansi, tolong verifikasi lapangan langsung k rumah warga",Bansos
"Parah bgt Saluran air induk sekitar Gedebage meluap ke jalan tiap ujan lebat, anak sekolah ga bs lewat tolong segera ditindak",Sampah/Banjir
"Parah banget Jln protokol sekitar Gedebage berlubang parah, shockbreake motor jebol plis segera ditindak",Jalan Rusak
"Parah bgt Bantuan modal UMKM sekitar Rancamanyar saldo di kartuu e-warong kosong melompong, warga miskin beneran cuma bsa gigit jari tlong segera ditindak",Bansos
"Lapor pak, Tempat penampungan sampah Kutawaringin tanggulnya rembes dan bocor barang elektronik pada rusak kerendem. dinas kebersihan tolong angkut sampahnya",Sampah/Banjir
"Pencairan dana bansos d kantor pos/bank d Rancamanyar nama dicoret tiba-tiba padahal miskin, warga ngeluh ga ada transparansi, tolong usut tuntas pungli bantuan sosial ini",Bansos
"Penyaluran beras bansos di Soreang nama dicoret tiba-tiba padahal miskin, anak yatim ga bs beli perlengkapan sekolah, tlg usut tuntas pungli bantuan sosial ini",Bansos
"mohon pasang lampu jalan dan cctv d titik rawan, Pemuda mabuk-mabukan d Pameungpeuk udah nyolong barang warga secara beruntun bikin warga takut keluar rmh malem hari",Keamanan/Ketertiban
Rawan begal di jalan sepi menuju perumahan pas malam hari,Keamanan/Ketertiban
"Bantuan bedah rumah rutilahu d Bojongsoang salah sasaran yg mampu dan bermobil malah dapet, warga miskin beneran cuma bisa gigit jari, plis bantu proses pencairan kartu sy min",Bansos
"Bantuan bedah rumah rutilahu di Soreang aplikasi pendaftaran bansos error dan gbs login, korban PHK ga dapet perhatian sama sekali, plis usut tuntas pungli bantuan sosial ini",Bansos
Min tlong Sampah rmh tangga daerah Paseh mampet total gara-gara plastik dan sampah sampe akses jalan lumpuh total ga bisa lewat mtr,Sampah/Banjir
Tawuran pelajar antar sekolah pecah di jembatan penghubung,Keamanan/Ketertiban
Dana desa untuk bansos katanya ada tapi warga ga pernah terima,Bansos
Sudah lapor berkali-kali soal bansos yang ga cair tapi ga ditanggapi,Bansos
"mohon dinas lingkungan hidup turun tangan, Genangan cileuncang d Baleendah udah penuh sampah kasur dan plastik bikin anak sekolah ga bisa lewat",Sampah/Banjir
"Lapor pak, Judi online slot Sukamenak beraksi pas subuh warga lagi sholat warga takut keluar rumah malem hari. tolong tertibkan balap liar pak polisi",Keamanan/Ketertiban
"Warga Soreang ngeluh Aksi tawuran remaja beraksi pas subuh warga lagi sholat, dampaknya warga jadi was-was dan ga tenang, mohon pasang lampu jalan dan cctv di titik rawan",Keamanan/Ketertiban
"tolong verifikasi lapangan langsung ke rumah warga, Bantuan bedah rumah rutilahu di Cibaduyut udah kualitas beras berkutu, apek dan hancur bikin warga miskin beneran cuma bsa gigit jari",Bansos
Min tolong Jalan dekat pasar daerah Ciparay ancur lebur sampe bikin velg muntor peang dan ban bocor,Jalan Rusak
Min tolong Jalan raya daerah Manggahang banyak jeglongan sewu sampe bahaya bgt buat anak2 sekolah,Jalan Rusak
"Parah banget Penyaluran beras bansos sekitar Cibaduyut keluarga dan timses kades diprioritaskan, warga ngeluh ga ada transparansi tolong segera ditindak",Bansos
"mohon kades/lurah tindak tegas oknum yg motong, Bansos PKH dan BPNT d Sukamenak udah udah 3 bulan belum cair tanpa penjelasan bikin warga sakit ga bisa berobat krn KIS dinonaktifkan",Bansos
Air banjir surut lambat karena drainase kota kurang memadai,Sampah/Banjir
"Banjir tahunan di Margahayu penuh sampah kasur dan plastik, banyak nyamuk DBD, tlong keruk selokan min",Sampah/Banjir
Verifikasi data bansos lambat banget prosesnya udah berbulan-bulan,Bansos
Min tolong Data Terpadu Kesejahteraan Sosial (DTKS) daerah Margahayu proses birokrasinya dipersulit petugas kelurahan sampe lansia kurang mampu kesulitan beli beras,Bansos
"Lapor pak, Bantuan bedah rmh rutilahu Cibaduyut saldo di kartu e-warong kosong melompong lansia kurang mampu kesulitan beli beras. mohon kades/lurah tindak tegas oknum yg motongg",Bansos
Min plis Pungutan liar oknum daerah Ciwidey sering lempar batu dan botol kaca sampe warga takut keluar rmh malem hari,Keamanan/Ketertiban
"Lapor pak, Saluran air induk Rancaekek lumpur sedimennya udah tebel bgt bikin warga gatal-gatal dan batuk. dinas kebersihan tlg angkut sampahnya",Sampah/Banjir
Min tolong Jalan dekat pasar daerah Baleendah rusak kena kikis air comberan sampe shockbreaker motor jebol,Jalan Rusak
Warga minta tambahan lampu jalan karena gang gelap banget malam hari,Keamanan/Ketertiban
"Lapor pak, Trotoar Sukamenak aspalnya udah ngelupas abis bikin motor sering jatoh tiap malem. min tolong sampaikan ke dinas terkait",Jalan Rusak
"tangkap dan tindak oknum preman meresahkan, Pelecehan / catcalling di Manggahang udah sering lempar batu dan botol kaca bikin warga takut keluar rumah malem hari",Keamanan/Ketertiban
"Lapor pak, Pencairan dana bansos d kantor pos/bank Tegalluar keluarga dan timses kades diprioritaskan warga ngeluh ga ada transparansi. mohon penyaluran bansos dilakukan secara transparan",Bansos
"Warga Ibun ngeluh Jalur tanjakan bergelombang bikin oleng, dampaknya pemotor sering kaget ngerem mendadak, pliss segera di tindaklanjuti pa",Jalan Rusak
Min tolong Pencurian rumah kosong daerah Tegalluar nongkrong di pos rond sambil nenggak ciu sampe warga jadi was-was dan ga tenang,Keamanan/Ketertiban
"Lapor pak, Jalan desa Majalaya aspalnya udah ngelupas abis bikin macet parah tiap pagi. min plis sampaikan ke dinas terkait",Jalan Rusak
"Jalan utama di Sukamenak retak-retak parah, udh brp kali ada korban kecelakaan, jangan nunggu ada korban jiwa baru dibenerin",Jalan Rusak
"Warga Katapang ngeluh Kartu Indonesia Sehat (KIS PBI) nama dicoret tiba-tiba padahal miskin, dampaknya korban PHK ga dapet perhatian sama sekali, kemensos tlg perbaiki sistem data DTKS",Bansos
"Warga Rancaekek ngeluh Drainase pemukiman penuh belatung dan lalat hijau, dampaknya akses jalan lumpuh total ga bsa lewat muntor, minta bantuan pompa air sedot banjir min",Sampah/Banjir
"Jalan komplek d Soreang rusakk parah abis dilewatin truk, shockbreaker motor jebol, tolong pak lurah perhatikan jalan kami",Jalan Rusak
"Parah banget Jalan alternatif sekitar Cikoneng penuh kubangan air, bikin debu tebel kalo panas plis segera ditindak",Jalan Rusak
"Laporr pak, Preman pasar Sapan nongkrong di pos ronda sambil nenggak ciu anak balita kaget nangis kebangun. tlg pos kamling diaktifkan lagi",Keamanan/Ketertiban
"Akses jalan masuk di Majalaya rusak kena kikis air comberan, bikin motor sering jatoh tiap malem, min tolong sampaika ke dinas terkait",Jalan Rusak
"Warga Pameungpeuk ngeluh Bansos PKH dan BPNT ada pemotongan dana sepihak oleh oknum RT/RW, dampaknya lansia kurang mampu kesulitan beli beras, kemensos tolongg perbaiki sistem data DTKS",Bansos
Min tolong Sungai/kali daerah Cikoneng tanggulnya rembes dan bocor sampe bikin warga gatal-gatal dan batuk,Sampah/Banjir
"Pemuda mabuk-mabukan di Arjasari terjadi terus tiap mlem minggu, pengendara motor cewek takut lewat situ, tolong tertibkan balap liar pak polisi",Keamanan/Ketertiban
"Lapor pak, Jembatan kecil Banjaran licin dan banyak kerikil tajam bikin macet parah tiap pagi. pliss segera d tindaklanjuti pa",Jalan Rusak
Warga minta patroli rutin karena maraknya pencurian motor,Keamanan/Ketertiban
"Aspal jalan utama Baleendah udah pada ngelupas, bahaya banget buat pengendara",Jalan Rusak
"Jembatan kecil di Bojongsoang retak-retak parah, bikin velg muntor peang dan ban bocor, mohon pak bupati gercep benerin",Jalan Rusak
"tangkap dan tindak oknum preman meresahkan, Pelecehan / catcalling d Cibiru udah bikin suara bising ga bisa tidur tiap mlem bikin korban mengalami luka sabetan sajam",Keamanan/Ketertiban
"mohon kades/lurah tindak tegas oknum yg motong, Kartu Keluarga Sejahtera (KKS) di Kopo udah nama dicoret tiba-tiba padahal miskin bikin warga sakit ga bsa berobat krn KIS dinonaktifkan",Bansos
"Lapor pak, Bantuan santunan lansia Baleendah warga difabel/lansia terlewat ga didata warga sakit ga bsa berobat krn KIS dinonaktifkan. mohon kades/lurah tindak tegas oknum yg motong",Bansos
"Genangan cileuncang di Cileunyi tanggulnya rembes dan bocor, barang elektronik pada rusak kerendem, butuh perahu karet buat evakuas warga",Sampah/Banjir
"Lapor pak, Pencurian rumah kosong Rancamanyar makin marak dan meresahkan warga banyak kehilangan muntor dlm sepekan. plis polres dan polsek rutin patroli malam",Keamanan/Ketertiban
"Lapor pak, Kartu Indonesia Sehatt (KIS PBI) Katapang aplikasi pendaftaran bansos error dan gbs login lansia kurang mampu kesulitan beli beras. mohon kades/lurah tindak tegas oknum yg motong",Bansos
Got mampet di gang sempit bikin air kotor masuk ke halaman rumah,Sampah/Banjir
"Judi onlin slot di Pasirjambu nyolong barang warga secara beruntun, anak balita kaget nangis kebangun, tolong tertibkan balap liar pak polisi",Keamanan/Ketertiban
"Parah banget Pencurian rumah kosong sekitar Bojongmalaka sering lempar batu dan botol kaca, banyak kehilangan motor dlm sepekan tolong segera ditindak",Keamanan/Ketertiban
Min tolong Data Terpadu Kesejahteraan Sosial (DTKS) daerahh Pasirjambu keluarga dan timses kades diprioritaskan sampe lansia kurang mampu kesulitan beli beras,Bansos
Balap liar tiap malam minggu bikin suara berisik dan bahaya,Keamanan/Ketertiban
Kerusuhan kecil terjadi gara-gara sengketa lahan antar warga,Keamanan/Ketertiban
"Pencairan dana bansos d kantor pos/bank d Ciparay keluarga dan timses kades diprioritaskan, warga ngeluh ga ada transparansi, mohon penyaluran bansos dilakukan secara transparan",Bansos
"Parah banget Bantuan santunan lansia sekitar Banjaran keluarga dan timses kades diprioritaskan, warga sakit ga bisa berobat krn KIS dinonaktifkan tolong segera ditindak",Bansos
"Para bgt Pelecehan / catcalling sekitar Cibaduyut berkeliaran bawa senjata tajam / cerulit, warga jadi was-was dan ga tenang tlong segera ditindak",Keamanan/Ketertiban
"Parah bgt Warung miras ilegal sekitarr Cibiru bikin suara bising ga bs tidur tiap malam, korban mengalami luka sabetan sajam tolong segera ditindak",Keamanan/Ketertiban
"Kartu Keluarga Sejahtera (KKS) d Katapang udah 3 bulan belum cair tanpa penjelasan, uang bantuan berkurang banyak kepotong pungli, tolong bantu proses pencairan kartu saya min",Bansos
Min tolong Sungai/kali daerah Cicalengka airnya item pekat dan berba busuk sampe banyak nyamuk DBD,Sampah/Banjir
Min tlg Pencurian rumah kosong daerah Cikoneng bikin suara bising ga bisa tidur tiap mlm sampe banyak kehilangan muntor dlm sepekan,Keamanan/Ketertiban
"Parah bgt Banjir tahunan sekitar Pasirjambu bikin bau comberan masuk ke kamar, anak sekolah ga bisa lewat tolong segera ditindak",Sampah/Banjir
"tolong pak camat segera tinjau lokasi, Kali dekat pasar di Sapan udah airnya item pekat dan berbau busuk bikin banyak nyamuk DBD",Sampah/Banjir
"Parah bgt Bantuan bedah ruma rutilahu sekitar Cimenyan kualitas beras berkutu, apek dan hancur, lansia kurang mampu kesulitan beli beras tlg segera ditindak",Bansos
"Lapor pak, Gorong-gorong Ciwidey tanggulnya rembes dan bocor warga terpaksa ngungsi ke mushola. mohon dinas lingkungan hidup turun tangan",Sampah/Banjir
"tolong pos kamling diaktifkan lagi, Warung miras ilegal di Bojongmalaka udah nongkrong di pos ronda sambil nenggak ciu bikin warga jadi was-was dan ga tenang",Keamanan/Ketertiban
"Parah banget Pencairan dana bansos di kantor pos/bank sekitar Bojongsoang salah sasaran yg mampu dan bermobil malah dapet, korban PHK ga dapet perhatian sama sekali tlong segera ditindak",Bansos
"Parah bngt Saluran air induk sekitar Ciparay lumpur sedimennya udah tebel bgt, anak sekolah ga bsa lewat plis segera ditindak",Sampah/Banjir
"Parah banget Jembatan kecil sekitar Cibiru banyak jeglongan sewu, bikin macet parah tiap pagi plis segera ditindak",Jalan Rusak
"plis usut tuntas pungli bantuan sosial ini, Penyaluran beras bansos di Baleendah udah saldo di kartu e-warong kosong melompong bikin lansia kurang mampu kesulitan beli beras",Bansos
"Lapor pak, Sungai/kali Cimenyan menggunung udah berminggu-minggu ga diangkut warga terpaksa ngungsi ke mushola. mohon dinas lingkungan hidup turun tangan",Sampah/Banjir
"Parah bgt Maling jemuran dan gas lpg sekitar Nagreg bikin suara bising ga bisa tidur tiap malam, warga jadi was-was dan ga tenang tolong segera ditindak",Keamanan/Ketertiban
"Lapor pak, Pungutan liar oknum Bojongmalaka terjadi terus tiap mlm minggu warga takut keluar rumah malem hari. tolong pos kamling diaktifkan lagi",Keamanan/Ketertiban
"Parah banget Sound horeg hajatan sekitar Soreang makin marak dan meresahkan warga, warga takut keluar rumah malem hari tolong segera ditindak",Keamanan/Ketertiban
Min tolong Bantuan bedah rumah rutilahu daerah Ciwideyy proses birokrasinya dipersulit petugas kelurahan sampe warga ngeluh ga ada transparansi,Bansos
Min tolong Akses jalan masuk daerah Katapang rusak parah abis dilewatinn truk sampe warga was2 tiap lewat apalagi pas ujan,Jalan Rusak
"Sampah d TPS d Cileunyi baunya nusuk hidung bikin enek, motor mogok massal pas nekat nerobos, tolong pak camatt segera tinjau lokasi",Sampah/Banjir
"Warga Pasirjambu ngeluh Aksi curanmor neror anak-anak sekolah pas pulang, dampaknya lingkungan jadi rawan kriminal, tolong tertibkan balap liar pak polisi",Keamanan/Ketertiban
"Aksi curanmor di Cimenyan nongkrong di pos ronda sambil nenggak ciu, warga jadi was-was dan ga tenang, mohon aparat keamanan segera bertindak tegas",Keamanan/Ketertiban
"Banjir tahunan d Cilengkrang lumpur sedimennya udah tebel bgt, bikin lingkungan kumuh dan bau menyengat, butuh perahu karet buat evakuasi warga",Sampah/Banjir
"mohon aparat keamanan segera bertindak tegas, Pungutan liar oknum di Bojongmalaka udah neror anak-anak sekolah pas pulang bikin warga takut keluar rumah malem hari",Keamanan/Ketertiban
"Warga Pangalengan ngeluh Bantuan Langsung Tunai (BLT) salah sasaran yg mampu dan bermobil malah dapet, dampaknya warga miskin beneran cuma bisa gigit jari, mohon kades/lurah tindak tegas oknum yg motong",Bansos
"Warga Dayeuhkolot ngeluh Bantuan modal UMKM keluarga dan timses kades diprioritaskan, dampaknya anak yatim ga bs beli perlengkapan sekolah, mohon kades/lurah tindak tegas oknum yg motong",Bansos
Ada pungli oknum di pasar yang meresahkan pedagang kecil,Keamanan/Ketertiban
"Judi online marak di kampung kami, banyak warga kecanduan",Keamanan/Ketertiban
"Lapor pak, Bantuan bedah rmh rutilahu Sukamenak saldo di kartu e-warong kosong melompong korban PHK ga dapet perhatian sama sekali. kemensos tolong perbaiki sistem data DTKS",Bansos
Min tlg Geng muntor ugal-ugalan daerah Kutawaringin berkeliaran bawa senjata tajam / cerulit sampe warga jadi was-was dan ga tenang,Keamanan/Ketertiban
"mohon pasang lampu jalan dan cctv d titik rawan, Pungutan liar oknum d Manggahang udah beraksi pas subuh warga lagi sholat bikin banyak kehilangan motor dlm sepekan",Keamanan/Ketertiban
"Parah banget Jalan gang sekitar Pameungpeuk bergelombang bikin oleng, pemotor sering kaget ngerem mendadak tlong segera ditindak",Jalan Rusak
"Warga Ciganitri ngeluh Pelecehan / catcalling sering lempar batu dan botol kaca, dampaknya anak balita kaget nangis kebangun, tlong pos kamling diaktifkan lagi",Keamanan/Ketertiban
"plis armada truk sampah segera dateng, Air selokan d Sapan udah baunya nusuk hidung bikin enek bikin bikin lingkungan kumuh dan bau menyengat",Sampah/Banjir
"Parah banget Sungai/kali sekitar Paseh menggunung udah berminggu-minggu ga diangkut, banyak nyamuk DBD tlong segera ditindak",Sampah/Banjir
"Warga Tegalluar ngeluh Bantuan santunan lansia saldo di kartu e-warong kosong melompong, dampaknya anak yatim ga bs beli perlengkapan sekolah, mohon kades/lurah tindak tegas oknum yg motong",Bansos
"Parah banget Kartu Sembako Murah sekitar Cibaduyut nama dicoret tiba-tiba padahal miskin, warga sakit ga bsa berobat krn KIS dinonaktifkan tolong segera ditindak",Bansos
"Penyaluran bansos terkesan pilih kasih, ga sesuai kondisi ekonomi warga",Bansos
"Lapor pak, Aksi begal bersenjata Cibaduyut makin marak dan meresahkan warga lingkungan jadi rawan kriminal. mohon pasang lampu jalan dan cctv di titik rawan",Keamanan/Ketertiban
"Paving block jalan di Kutawaringin rusak parah abis dilewatin truk, shockbreaker muntor jebol, tolong dinas pupr segera aspal ulang",Jalan Rusak
"Warga Pameungpeuk ngeluh Jalan alternatif bolong dalem bgt, dampaknya udh brp kali ada korban kecelakaan, pliss segera di tindaklanjuti pa",Jalan Rusak
"Parah bngt Kartu Sembako Murah sekitar Bojongmalaka nama dicoret tiba-tiba padahal miskin, uang bantuan berkurang banyak kepotong pungli tlong segera ditindak",Bansos
Perbaikan jalan yg kemarin udah rusak lagi cuma dalam sebulan,Jalan Rusak
"Warga Margahayu ngeluh Pencairan dana bansos di kantor pos/bank kualitas beras berkutu, apek dan hancur, dampaknya warga sakit ga bs berobat krn KIS dinonaktifkan, kemensos tolong perbaiki sistem data DTKS",Bansos
"Parah banget Jln protokol sekitar Rancaekek aspalnya udah ngelupas abis, mobil ceper sering mentok tolong segera ditindak",Jalan Rusak
"Air selokan di Cimenyan penuh sampah kasur dan plastik, barang elektronik pada rusak kerendem, tlong keruk selokan min",Sampah/Banjir
"Lapor pak, Jalan alternatif Ciwidey rusak kena kikis air comberan warga was2 tiap lewat apalagi pas ujan. jangan nunggu ada korban jiwa baru dibenerin",Jalan Rusak
"Sungai/kali di Cilengkrang tanggulnya rembes dan bocor, bau busuk kecium sampe radiu 300 meter, butuh perahu karet buat evakuasi warga",Sampah/Banjir
"Warga Ibun ngeluh Sungai/kali airnya item pekat dan berbau busuk, dampaknya bikin lingkungan kumuh dan bau menyengat, tolong pak camat segera tinjau lokasi",Sampah/Banjir
"minta bantuan pompa air sedot banjir min, Banjir tahunan di Tegalluar udah ga surut-surut udah 3 hari bikin bau busuk kecium sampe radius 300 meter",Sampah/Banjir
"Warga Sukamenak ngeluh Bantuan modal UMKM keluarga dan timses kades diprioritaskan, dampaknya uang bantuan berkurang banyak kepotong pungli, tlong verifikasi lapangan langsung k rumah warga",Bansos
"Parah banget Judi online slot sekitar Bojongsoang bikin suara bising ga bisa tidur tiap malam, pengendara motor cewek takut lewat situ tlong segera ditindak",Keamanan/Ketertiban
"Parah banget Sungai/kali sekitar Dayeuhkolot mampet total gara-gara plastik dan sampah, anak sekolah ga bisa lewat tlg segera ditindak",Sampah/Banjir
"Lapor pak, Jembatan kecil Gedebage retak-retak parah warga was2 tiap lewat apalagi pas ujan. kapan mau ditambal min?",Jalan Rusak
"Ada jalan ambles di Cimenyan deket perempatan, udah 2 minggu blm diperbaiki",Jalan Rusak
"Parah banget Data Terpadu Kesejahteraan Sosial (DTKS) sekitar Pangalengan proses birokrasinya dipersulit petugas kelurahan, anak yatim ga bs beli perlengkapan sekolah tolong segera ditindak",Bansos
"Lapor pak, Air selokan Cangkuang tanggulnya rembes dan bocor bikin lingkungan kumuh dan bau menyengat. tolong buatin tanggul darurat pa kades",Sampah/Banjir
"minta bantuan pompa air sedot banjir min, Saluran air induk d Cikoneng udah baunya nusuk hidung bikin enek bikin akse jalan lumpuh total ga bsa lewat motor",Sampah/Banjir
"Jalan utama di Cimenyan retak-retak parah, udh brp kali ada korban kecelakaan, plis pak lurah perhatikan jalan kami",Jalan Rusak
Min tolong Preman pasar daerah Rancamanyar terjadi terus tiap malam minggu sampe pengendara motor cewek takut lewat situ,Keamanan/Ketertiban
"Parah bgt Aspal jalan sekitar Pangalengan licin dan banyak kerikil tajam, pemotor sering kaget ngerem mendadak tolong segera ditindak",Jalan Rusak
"Lapor pak, Pencurian rumah kosong Katapang bikin suara bising ga bisa tidur tiap malam anak balita kaget nangis kebangun. tolong polres dan polsek rutin patroli malam",Keamanan/Ketertiban
Min plis Bansos PKH dan BPNT daerah Banjaran aplikasi pendaftaran bansos error dan gbs login sampe uang bantuan berkurang banyak kepotong pungli,Bansos
"mohon pasang lampu jalan dan cctv di titik rawan, Pencurian rumah kosong di Kutawaringin udah makin marak dan meresahkan warga bikin lingkungan jadi rawan kriminal",Keamanan/Ketertiban
Air comberan meluap ke jalan bikin becek dan bau tiap hari,Sampah/Banjir
"Parah bgt Aksi begal bersenjata sekitar Banjaran berkeliaran bawa senjata tajam / cerulit, pedagang kecil rugi diperas terus tolong segera ditindak",Keamanan/Ketertiban
"Aspal jalan di Nagreg amblas separuh badan, udh brp kali ada korban kecelakaan, tlg secepatnya di perbaiki min",Jalan Rusak
"Min plis Penyaluran beras bansos daerah Cibiru kualita beras berkutu, apek dan hancur sampe warga ngeluh ga ada transparansi",Bansos
"Warga Baleendah ngeluh Gorong-gorong mampet total gara-gara plastik dan sampah, dampaknya bau busuk kecium sampe radius 300 meter, tlg armada truk sampah segera dateng",Sampah/Banjir
"Pungutan liar oknum di Bojongsoang beraksi pas subuh warga lagi sholat, banyak kehilangan mtr dlm sepekan, tolong pos kamling diaktifkan lagi",Keamanan/Ketertiban
"Aspal jalan di Cibaduyut aspal hotmix nya ngelotok, mobil ceper sering mentok, min tlg sampaikan ke dinas terkait",Jalan Rusak
"Parah banget Bantuann santunan lansia sekitar Katapang aplikasi pendaftaran bansos error dan gbs login, anak yatim ga bisa beli perlengkapan sekolah tlong segera ditindak",Bansos
Min plis Akses jalan masuk daerah Arjasari rusak kena kikis air comberan sampe mobil ceper sering mentok,Jalan Rusak
"Jalan utama di Ibun penuh kubangan air, bikin debu tebel kalo panas, minta tlong segera di hotmix",Jalan Rusak
"Parah banget Aksi tawuran remaja sekitar Manggahang sering lempar batu dan botol kaca, banyak kehilangan motor dlm sepekan tlg segera ditindak",Keamanan/Ketertiban
"Lapor pak, Saluran air induk Ciparay meluapp ke jalan tiap ujan lebat banyak nyamuk DBD. mohon dinas lingkungan hidup turun tangan",Sampah/Banjir
"Lapor pak, Aksi tawuran remaja Dayeuhkolot sering lempar batu dan botol kaca anak balita kaget nangis kebangun. plis polres dan polsek rutin patroli mlem",Keamanan/Ketertiban
"Penyaluran beras bansos di Sukamenak udah 3 bulan belum cair tanpa penjelasan, warga saki ga bisa berobat krn KIS dinonaktifkan, mohon penyaluran bansos dilakukan secara transparan",Bansos
"dinas kebersihan tolong angkut sampahnya, Got depan rumah warga di Soreang udah penuh sampah kasur dan plastik bikin bikin warga gatal-gatal dan batuk",Sampah/Banjir
"Parah banget Bansos PKH dan BPNT sekitar Baleendah keluarga dan timses kades diprioritaskan, wargaa sakit ga bs berobat krn KIS dinonaktifkan tolong segera ditindak",Bansos
"Lapor pak, Bantuan santunan lansia Cibiru aplikasi pendaftaran bansos error dan gbs login lansia kurang mampu kesulitan beli beras. mohon kades/lurah tindak tegas oknum yg motong",Bansos
"mohon kades/lurah tindak tegas oknum yg motong, Bansos PKH dan BPNT di Nagreg udah kualitas beras berkutu, apek dan hancur bikin korbann PHK ga dapet perhatian sama sekali",Bansos
"minta tolong segera d hotmix, Paving block jalan d Bojongsoang udah amblas separuh badan bikin bikin macet parah tiap pagi",Jalan Rusak
Jalan setapak menuju pemukiman rusak berat susah dilewati motor,Jalan Rusak
"Parah banget Warung miras ilegal sekitar Rancaekek beraksi pas subuh warga lagi sholat, pengendara motor cewek takut lewat situ tolong segera ditindak",Keamanan/Ketertiban
"butuh perahu karet buat evakuasi warga, Banjirr tahunan di Kopo udah tanggulnya rembes dan bocor bikin bikin lingkungan kumuh dan bau menyengat",Sampah/Banjir
Min tolong Bantuan Langsung Tunai (BLT) daerah Rancamanyar aplikasi pendaftaran bansos error dan gbs login sampe anak yatim ga bisa beli perlengkapan sekolah,Bansos
"Parah banget Jalan raya sekitar Ciparay bolong dalem banget, bikin macet parah tiap pagi tlg segera ditindak",Jalan Rusak
"min tolong sampaikan ke babinsa/bhabinkamtibmas, Pemuda mabuk-mabukan di Solokan Jeruk udah terjadi terus tiap malam minggu bikin pedagang kecil rugi diperas terus",Keamanan/Ketertiban
"tolong buatin tanggul darurat pa kades, Pintu air di Rancamanyar udah meluap ke jalan tiap ujan lebat bikin barang elektronik pada rusak kerendem",Sampah/Banjir
"Lapor pak, Pencurian rmh kosong Dayeuhkolot sering lempar batu dan botol kaca lingkungan jadi rawan kriminal. mohon pasang lampu jalan dan cctv di titik rawan",Keamanan/Ketertiban
"Jalan alternatif di Solokan Jeruk bolong dalem banget, warga was2 tiap lewat apalagi pas ujan, jangan nunggu ada korban jiwa baru dibenerin",Jalan Rusak
"Jalan menuju Pangalengan longsor sebagian, mobil ga bisa lewat",Jalan Rusak
"Drainase perumahan ga berfungsi, tiap ujan pasti banjir kecil",Sampah/Banjir
Maling motor sering kejadian di gang sempit deket rumah saya,Keamanan/Ketertiban
"Parah bngt Got depan rmh warga sekitar Ibun baunya nusuk hidung bikin enek, barang elektronik pada rusak kerendem tlg segera ditindak",Sampah/Banjir
Min tolong Tikungan jalan daerah Cimenyan aspal hotmix nya ngelotokk sampe bikin macet parah tiap pagi,Jalan Rusak
"Lapor pak, Judi online slot Cangkuang sering lempar batu dan botol kaca anak balita kaget nangis kebangun. mohon aparat keamanan segera bertindak tegas",Keamanan/Ketertiban
Jalan menuju Nagreg penuh lubang gede2 bikin ban motor sering bocor,Jalan Rusak
"Parah bngt Aksi curanmor sekitar Rancaekek nongkrongg d pos ronda sambil nenggak ciu, korban mengalami luka sabetan sajam tlg segera ditindak",Keamanan/Ketertiban
"Lapor pak, Pencairan dana bansos d kantor pos/bank Nagreg saldo d kartu e-warong kosong melompong warga ngeluh ga ada transparansi. mohon penyaluran bansos dilakukan secara transparan",Bansos
Min tlg Preman pasar daerah Cikoneng makin marak dan meresahkan warga sampe korban mengalami luka sabetan sajam,Keamanan/Ketertiban
"Lapor pak, Got depan rumah warga Katapang bikin bau comberan masuk ke kamar akses jalan lumpuh total ga bisa lewat motor. plis keruk selokan min",Sampah/Banjir
"Lapor pak, Kartu Sembako Murah Paseh aplikasi pendaftaran bansos error dan gbs login warga sakit ga bisa berobat krn KIS dinonaktifkan. kemensos plis perbaiki sistem data DTKS",Bansos
"Lapor pak, Warung miras ilegal Ujungberung nyolong barang warga secara beruntun warga takut keluar rumah malem hari. tangkap dan tindak oknum preman meresahkan",Keamanan/Ketertiban
"Parah banget Bantuan Langsung Tunai (BLT) sekitar Dayeuhkolot kualitas beras berkutu, apek dan hancur, warga miskin beneran cuma bsa gigit jari tlg segera ditindak",Bansos
Min plis Jalan gang daerah Cimenyan aspal hotmix nya ngelotok sampe bahaya bgt buat anak2 sekolah,Jalan Rusak
"Warga Baleendah ngeluh Data Terpadu Kesejahteraan Sosial (DTKS) saldo di kartu e-warong kosong melompong, dampaknya korban PHK ga dapet perhatian sama sekali, mohon kades/lurah tindak tegas oknum yg motong",Bansos
Min tolong Aksi tawuran remaja daerah Nagreg nongkrong d pos ronda sambil nenggak ciu sampe lingkungan jadi rawan kriminal,Keamanan/Ketertiban
"minta bantuan pompa air sedot banjir min, Sampah d TPS d Cimenyan udah baunya nusuk hidung bikin enek bikin muntor mogok massal pas nekatt nerobos",Sampah/Banjir
"Lapor pak, Kartu Sembako Murah Banjaran nama dicoret tiba-tiba padahal miskin lansia kurang mampu kesulitan beli beras. plis verifikasi lapangan langsung k rmh warga",Bansos
Min tolong Air selokan daerah Paseh merendam rmh warga setinggi paha sampe anak sekolah ga bisa lewat,Sampah/Banjir
"Geng motor ugal-ugalan di Tegalluar maksa minta uang keamanan ke pedagang kecil, lingkungan jadi rawan kriminal, mohon pasang lampu jalan dan cctv di titik rawan",Keamanan/Ketertiban
"Lapor pak, Preman pasar Cangkuang neror anak-anak sekolah pas pulang lingkungan jadi rawan kriminal. tolong tertibkan balap liar pak polisi",Keamanan/Ketertiban
"Parah bgt Aspal jalan sekitar Pangalengan bergelombang biki oleng, bikin debu tebel kalo panas tolong segera ditindak",Jalan Rusak
"Aspal jalan Arjasari udah lama ga diperbaiki, makin parah tiap hari",Jalan Rusak
"Tempat penampungan sampahh di Cicalengka baunya nusuk hidung bikin enek, anak sekolah ga bisa lewat, dinas kebersihan tolong angkut sampahnya",Sampah/Banjir
"Jalan gang di Majalaya bergelombang bikin oleng, udh brp kali ada korban kecelakaan, jangan nunggu ada korban jiwa baru dibenerin",Jalan Rusak
"tlg dinas sosial audit ulang data penerima, Bansos PKH dan BPNT di Rancamanyar udah aplikasi pendaftaran bansos error dan gbs login bikin lansia kurang mampu kesulitan beli beras",Bansos
Min tolong Genangan cileuncang daerah Ciganitri bikin bau comberan masuk ke kama sampe warga terpaksa ngungsi ke mushola,Sampah/Banjir
"Lapor pak, Warung miras ilegal Manggahang nyolong barang warga secara beruntun lingkungan jadi rawan kriminal. mohon aparat keamanan segera bertindak tegas",Keamanan/Ketertiban
Got di pinggir jalan ga pernah dikeruk dari dulu bikin mampet terus,Sampah/Banjir
Min plis Pemuda mabuk-mabukan daerah Pameungpeuk sering lempar batu dan botol kaca sampe pengendara motor cewek takut lewat situ,Keamanan/Ketertiban
"Warga Cicalengka ngeluh Jalan raya aspalnya udah ngelupas abis, dampaknya warga was2 tiap lewat apalagi pas ujan, minta tolong segera di hotmix",Jalan Rusak
"mohon aparat keamanan segera bertindak tegas, Preman pasar di Pangalengan udah nyolong barang warga secara beruntun bikin pengendara muntor cewek takut lewat situ",Keamanan/Ketertiban
"Parah banget Bantuan modal UMKM sekitar Cilengkrang aplikasi pendaftaran bansos error dan gbs login, warga sakit ga bs berobat krn KIS dinonaktifkan tlg segera ditindak",Bansos
Min plis Aspal jalan daerah Dayeuhkolot berlubang parah sampe mobil ceper sering mentok,Jalan Rusak
"Banjir tiap taun makin parah, minta dibangun tanggul atau pompa air",Sampah/Banjir
"Kali dekat pasar d Gedebage bikin bau comberan masuk ke kamar, warga terpaksa ngungsi ke mushola, minta bantuan pompa air sedot banjir min",Sampah/Banjir
Min tolong Aspal jalan daerah Arjasari aspal hotmix nya ngelotok sampe bikin debu tebel kalo panas,Jalan Rusak
"Warga Ciganitri ngeluh Penyaluran beras bansos salah sasaran yg mampu dan bermobil malah dapet, dampaknya anak yatim ga bisa beli perlengkapan sekolah, tlong dinas sosial audit ulang data penerima",Bansos
"plis usut tuntas pungli bantuan sosial ini, Kartu Indonesia Sehat (KIS PBI) di Cicalengka udah sala sasaran yg mampu dan bermobil malah dapet bikin lansia kurang mampu kesulitan beli beras",Bansos
"Bantuan Langsung Tunai (BLT) di Dayeuhkolot proses birokrasinya dipersulit petugas kelurahan, uang bantuan berkurang banyak kepotong pungli, mohon penyaluran bansos dilakukan secara transparan",Bansos
"Lapor pak, Maling jemuran dan gas lpg Pameungpeuk bikin suara bising ga bisa tidur tiap mlm korban mengalami luka sabetan sajam. tolong polres dan polsek rutin patroli mlm",Keamanan/Ketertiban
"Lapor pak, Kartu Indonesia Sehat (KIS PBI) Majalaya keluarga dan timses kades diprioritaskan warga ngeluh ga ada transparansi. tlong usut tuntas pungli bantuan sosial ini",Bansos
